person1,person2
Cleve,Thauher
Job Hedges,balloU
Williams,Allaire
Williams,Kelleher
Allaire,Kelleher
Park,Kaat
Park,Daniel S Lamont
Park,Lamont
Park,Mrs Lamont
Park,Lamont
Park,Col Lamont
Park,Col Laujunt
Kaat,Daniel S Lamont
Kaat,Lamont
Kaat,Mrs Lamont
Kaat,Lamont
Kaat,Col Lamont
Kaat,Col Laujunt
Daniel S Lamont,Lamont
Daniel S Lamont,Mrs Lamont
Daniel S Lamont,Lamont
Daniel S Lamont,Col Lamont
Daniel S Lamont,Col Laujunt
Lamont,Mrs Lamont
Lamont,Lamont
Lamont,Col Lamont
Lamont,Col Laujunt
Mrs Lamont,Lamont
Mrs Lamont,Col Lamont
Mrs Lamont,Col Laujunt
Lamont,Col Lamont
Lamont,Col Laujunt
Col Lamont,Col Laujunt
Ducey,Katlier Ducey
Ducey,Ducey
Ducey,Hiannell
Ducey,Durey waslleorge K Hcaunrll
Ducey,Ducer
Katlier Ducey,Ducey
Katlier Ducey,Hiannell
Katlier Ducey,Durey waslleorge K Hcaunrll
Katlier Ducey,Ducer
Ducey,Hiannell
Ducey,Durey waslleorge K Hcaunrll
Ducey,Ducer
Hiannell,Durey waslleorge K Hcaunrll
Hiannell,Ducer
Durey waslleorge K Hcaunrll,Ducer
Iho I Sou,Mntll
Iho I Sou,Pelcm
Iho I Sou,Ieiiviciila
Iho I Sou,Morrison
Iho I Sou,Daniel
Mntll,Pelcm
Mntll,Ieiiviciila
Mntll,Morrison
Mntll,Daniel
Pelcm,Ieiiviciila
Pelcm,Morrison
Pelcm,Daniel
Ieiiviciila,Morrison
Ieiiviciila,Daniel
Morrison,Daniel
Sleitmrr FrancIsco Krventrcn Jaj,Jenkins
Sleitmrr FrancIsco Krventrcn Jaj,Hull
Sleitmrr FrancIsco Krventrcn Jaj,Kntrlanil
Sleitmrr FrancIsco Krventrcn Jaj,Ilie
Sleitmrr FrancIsco Krventrcn Jaj,Mcanier
Sleitmrr FrancIsco Krventrcn Jaj,Ann
Sleitmrr FrancIsco Krventrcn Jaj,Itimton
Jenkins,Hull
Jenkins,Kntrlanil
Jenkins,Ilie
Jenkins,Mcanier
Jenkins,Ann
Jenkins,Itimton
Hull,Kntrlanil
Hull,Ilie
Hull,Mcanier
Hull,Ann
Hull,Itimton
Kntrlanil,Ilie
Kntrlanil,Mcanier
Kntrlanil,Ann
Kntrlanil,Itimton
Ilie,Mcanier
Ilie,Ann
Ilie,Itimton
Mcanier,Ann
Mcanier,Itimton
Ann,Itimton
Itillnmrv,Samuel
Itillnmrv,Wfiimll
Itillnmrv,Ko lim Ililxton
Samuel,Wfiimll
Samuel,Ko lim Ililxton
Wfiimll,Ko lim Ililxton
Mver,DAVID
Mver,JACKSON
Mver,TILDEN
DAVID,JACKSON
DAVID,TILDEN
JACKSON,TILDEN
Hepubllcsn,Morcrox
Anil,Rhythiu
Anil,IOKWENTHAI Lu
Rhythiu,IOKWENTHAI Lu
Jlr W J nmiHoii,Jai
Jlr W J nmiHoii,Uhaslru
Jai,Uhaslru
Xlnnefiita Slitte,Vernon
Xlnnefiita Slitte,Vernoa
Xlnnefiita Slitte,Ferris
Xlnnefiita Slitte,Ttlghroanslilanf
Xlnnefiita Slitte,Talbot
Xlnnefiita Slitte,Mary
Xlnnefiita Slitte,Jolnei
Vernon,Vernoa
Vernon,Ferris
Vernon,Ttlghroanslilanf
Vernon,Talbot
Vernon,Mary
Vernon,Jolnei
Vernoa,Ferris
Vernoa,Ttlghroanslilanf
Vernoa,Talbot
Vernoa,Mary
Vernoa,Jolnei
Ferris,Ttlghroanslilanf
Ferris,Talbot
Ferris,Mary
Ferris,Jolnei
Ttlghroanslilanf,Talbot
Ttlghroanslilanf,Mary
Ttlghroanslilanf,Jolnei
Talbot,Mary
Talbot,Jolnei
Mary,Jolnei
Frau Cotlma Wagner,Anton Seldl
Frau Cotlma Wagner,An Weber
Frau Cotlma Wagner,Dresden Wagner
Frau Cotlma Wagner,George Tyler Iha
Frau Cotlma Wagner,Ito Prince
Frau Cotlma Wagner,TurLrtlaiiand
Frau Cotlma Wagner,Elias
Frau Cotlma Wagner,Turcoimuan Gotemmuir
Frau Cotlma Wagner,Jtoui
Anton Seldl,An Weber
Anton Seldl,Dresden Wagner
Anton Seldl,George Tyler Iha
Anton Seldl,Ito Prince
Anton Seldl,TurLrtlaiiand
Anton Seldl,Elias
Anton Seldl,Turcoimuan Gotemmuir
Anton Seldl,Jtoui
An Weber,Dresden Wagner
An Weber,George Tyler Iha
An Weber,Ito Prince
An Weber,TurLrtlaiiand
An Weber,Elias
An Weber,Turcoimuan Gotemmuir
An Weber,Jtoui
Dresden Wagner,George Tyler Iha
Dresden Wagner,Ito Prince
Dresden Wagner,TurLrtlaiiand
Dresden Wagner,Elias
Dresden Wagner,Turcoimuan Gotemmuir
Dresden Wagner,Jtoui
George Tyler Iha,Ito Prince
George Tyler Iha,TurLrtlaiiand
George Tyler Iha,Elias
George Tyler Iha,Turcoimuan Gotemmuir
George Tyler Iha,Jtoui
Ito Prince,TurLrtlaiiand
Ito Prince,Elias
Ito Prince,Turcoimuan Gotemmuir
Ito Prince,Jtoui
TurLrtlaiiand,Elias
TurLrtlaiiand,Turcoimuan Gotemmuir
TurLrtlaiiand,Jtoui
Elias,Turcoimuan Gotemmuir
Elias,Jtoui
Turcoimuan Gotemmuir,Jtoui
Philip Cooper,Herbert
Philip Cooper,Cooper
Philip Cooper,Jiartlrular
Philip Cooper,Cooper
Philip Cooper,Cap
Philip Cooper,Walker
Philip Cooper,Kxamlnlng
Philip Cooper,Hoard Cnpt Allen
Philip Cooper,Norton
Herbert,Cooper
Herbert,Jiartlrular
Herbert,Cooper
Herbert,Cap
Herbert,Walker
Herbert,Kxamlnlng
Herbert,Hoard Cnpt Allen
Herbert,Norton
Cooper,Jiartlrular
Cooper,Cooper
Cooper,Cap
Cooper,Walker
Cooper,Kxamlnlng
Cooper,Hoard Cnpt Allen
Cooper,Norton
Jiartlrular,Cooper
Jiartlrular,Cap
Jiartlrular,Walker
Jiartlrular,Kxamlnlng
Jiartlrular,Hoard Cnpt Allen
Jiartlrular,Norton
Cooper,Cap
Cooper,Walker
Cooper,Kxamlnlng
Cooper,Hoard Cnpt Allen
Cooper,Norton
Cap,Walker
Cap,Kxamlnlng
Cap,Hoard Cnpt Allen
Cap,Norton
Walker,Kxamlnlng
Walker,Hoard Cnpt Allen
Walker,Norton
Kxamlnlng,Hoard Cnpt Allen
Kxamlnlng,Norton
Hoard Cnpt Allen,Norton
Anthony Comstock,Comstock
Anthony Comstock,Hale
Anthony Comstock,St Hale
Anthony Comstock,Hale
Anthony Comstock,Hales
Comstock,Hale
Comstock,St Hale
Comstock,Hale
Comstock,Hales
Hale,St Hale
Hale,Hale
Hale,Hales
St Hale,Hale
St Hale,Hales
Hale,Hales
Naili Hrul Iad,Jamei Klrkvvutxl
Naili Hrul Iad,Kirk
Jamei Klrkvvutxl,Kirk
John,Whei Foreman Johu
John,Hubert Hall
John,Thom
Whei Foreman Johu,Hubert Hall
Whei Foreman Johu,Thom
Hubert Hall,Thom
Stu,Now York
Stu,Rutherford
Now York,Rutherford
Peter Miller,Miller
Peter Miller,Phoertner
Peter Miller,Miller
Peter Miller,Miller
Miller,Phoertner
Miller,Miller
Miller,Miller
Phoertner,Miller
Phoertner,Miller
Miller,Miller
Jenkins,Jenkins
Jenkins,Pauline Hall
Jenkins,McClelland
Jenkins,Pauline Hall
Jenkins,McClelland
Pauline Hall,McClelland
Tounff Momrn Hart,Lena Elmore Sallle Townsend
Tounff Momrn Hart,Elmora
Tounff Momrn Hart,Mlu Spaldlng
Lena Elmore Sallle Townsend,Elmora
Lena Elmore Sallle Townsend,Mlu Spaldlng
Elmora,Mlu Spaldlng
Sparks,Irunic
Sparks,Motorman Pat
Sparks,David Wcttintt
Irunic,Motorman Pat
Irunic,David Wcttintt
Motorman Pat,David Wcttintt
Ike HnldHhlpn,Gordon
Adams,Adams
Adams,Gould
Adams,Adams
Adams,Sili
Adams,Gould
Adams,Adams
Adams,Sili
Gould,Adams
Gould,Sili
Adams,Sili
Shelby,Charley Eple
Shelby,Sheriff
Charley Eple,Sheriff
Helen Varlck Ho,Emma Beck
Helen Varlck Ho,Pomeroy
Helen Varlck Ho,Jane Pearce
Helen Varlck Ho,K H liruwn Itbii Jloswell
Helen Varlck Ho,Wilson
Helen Varlck Ho,Mark M Pomeroy
Emma Beck,Pomeroy
Emma Beck,Jane Pearce
Emma Beck,K H liruwn Itbii Jloswell
Emma Beck,Wilson
Emma Beck,Mark M Pomeroy
Pomeroy,Jane Pearce
Pomeroy,K H liruwn Itbii Jloswell
Pomeroy,Wilson
Pomeroy,Mark M Pomeroy
Jane Pearce,K H liruwn Itbii Jloswell
Jane Pearce,Wilson
Jane Pearce,Mark M Pomeroy
K H liruwn Itbii Jloswell,Wilson
K H liruwn Itbii Jloswell,Mark M Pomeroy
Wilson,Mark M Pomeroy
McKinley,Stevens
McKinley,David
Stevens,David
Ijuuont,Mr John Reaper
Ijuuont,henry Thurber
Mr John Reaper,henry Thurber
Ilia Ceumpaiga,McKinley
Hill Oov Flower,John i McKane
Hill Oov Flower,Kane
John i McKane,Kane
GroMcup,Jenkins
GroMcup,Oakes
Jenkins,Oakes
Augustus Jenkins,Ion
Augustus Jenkins,James
Augustus Jenkins,Ellsha Robert
Augustus Jenkins,Herbert Guy
Augustus Jenkins,James
Ion,James
Ion,Ellsha Robert
Ion,Herbert Guy
Ion,James
James,Ellsha Robert
James,Herbert Guy
James,James
Ellsha Robert,Herbert Guy
Ellsha Robert,James
Herbert Guy,James
Hon Thomas,Herbert
Hon Thomas,Dela
Herbert,Dela
Patterson,Isaac Clans
Patterson,Claus
Patterson,Patterson
Patterson,Patterson
Patterson,Claus
Isaac Clans,Claus
Isaac Clans,Patterson
Isaac Clans,Patterson
Isaac Clans,Claus
Claus,Patterson
Claus,Patterson
Claus,Claus
Patterson,Patterson
Patterson,Claus
Patterson,Claus
Frederick Fitzgerald,Samuel Colt
Katherine Perlna,IIIII
William A Ryan,Mary
Walton Ireen,Robert ACliri
Walton Ireen,Hull
Walton Ireen,Arintlsloi
Walton Ireen,Wilt
Walton Ireen,Chese
Walton Ireen,Maud
Walton Ireen,Chesebrough
Walton Ireen,Hornblower
Walton Ireen,Checicbniiigh
Walton Ireen,Green
Walton Ireen,Green
Walton Ireen,HornblowersAllnnhlgrhalrln
Walton Ireen,Chenehrough
Walton Ireen,Wilson
Walton Ireen,Irren
Walton Ireen,Oreen
Walton Ireen,Mrthmelirouch
Walton Ireen,Hurnbloner
Robert ACliri,Hull
Robert ACliri,Arintlsloi
Robert ACliri,Wilt
Robert ACliri,Chese
Robert ACliri,Maud
Robert ACliri,Chesebrough
Robert ACliri,Hornblower
Robert ACliri,Checicbniiigh
Robert ACliri,Green
Robert ACliri,Green
Robert ACliri,HornblowersAllnnhlgrhalrln
Robert ACliri,Chenehrough
Robert ACliri,Wilson
Robert ACliri,Irren
Robert ACliri,Oreen
Robert ACliri,Mrthmelirouch
Robert ACliri,Hurnbloner
Hull,Arintlsloi
Hull,Wilt
Hull,Chese
Hull,Maud
Hull,Chesebrough
Hull,Hornblower
Hull,Checicbniiigh
Hull,Green
Hull,Green
Hull,HornblowersAllnnhlgrhalrln
Hull,Chenehrough
Hull,Wilson
Hull,Irren
Hull,Oreen
Hull,Mrthmelirouch
Hull,Hurnbloner
Arintlsloi,Wilt
Arintlsloi,Chese
Arintlsloi,Maud
Arintlsloi,Chesebrough
Arintlsloi,Hornblower
Arintlsloi,Checicbniiigh
Arintlsloi,Green
Arintlsloi,Green
Arintlsloi,HornblowersAllnnhlgrhalrln
Arintlsloi,Chenehrough
Arintlsloi,Wilson
Arintlsloi,Irren
Arintlsloi,Oreen
Arintlsloi,Mrthmelirouch
Arintlsloi,Hurnbloner
Wilt,Chese
Wilt,Maud
Wilt,Chesebrough
Wilt,Hornblower
Wilt,Checicbniiigh
Wilt,Green
Wilt,Green
Wilt,HornblowersAllnnhlgrhalrln
Wilt,Chenehrough
Wilt,Wilson
Wilt,Irren
Wilt,Oreen
Wilt,Mrthmelirouch
Wilt,Hurnbloner
Chese,Maud
Chese,Chesebrough
Chese,Hornblower
Chese,Checicbniiigh
Chese,Green
Chese,Green
Chese,HornblowersAllnnhlgrhalrln
Chese,Chenehrough
Chese,Wilson
Chese,Irren
Chese,Oreen
Chese,Mrthmelirouch
Chese,Hurnbloner
Maud,Chesebrough
Maud,Hornblower
Maud,Checicbniiigh
Maud,Green
Maud,Green
Maud,HornblowersAllnnhlgrhalrln
Maud,Chenehrough
Maud,Wilson
Maud,Irren
Maud,Oreen
Maud,Mrthmelirouch
Maud,Hurnbloner
Chesebrough,Hornblower
Chesebrough,Checicbniiigh
Chesebrough,Green
Chesebrough,Green
Chesebrough,HornblowersAllnnhlgrhalrln
Chesebrough,Chenehrough
Chesebrough,Wilson
Chesebrough,Irren
Chesebrough,Oreen
Chesebrough,Mrthmelirouch
Chesebrough,Hurnbloner
Hornblower,Checicbniiigh
Hornblower,Green
Hornblower,Green
Hornblower,HornblowersAllnnhlgrhalrln
Hornblower,Chenehrough
Hornblower,Wilson
Hornblower,Irren
Hornblower,Oreen
Hornblower,Mrthmelirouch
Hornblower,Hurnbloner
Checicbniiigh,Green
Checicbniiigh,Green
Checicbniiigh,HornblowersAllnnhlgrhalrln
Checicbniiigh,Chenehrough
Checicbniiigh,Wilson
Checicbniiigh,Irren
Checicbniiigh,Oreen
Checicbniiigh,Mrthmelirouch
Checicbniiigh,Hurnbloner
Green,Green
Green,HornblowersAllnnhlgrhalrln
Green,Chenehrough
Green,Wilson
Green,Irren
Green,Oreen
Green,Mrthmelirouch
Green,Hurnbloner
Green,HornblowersAllnnhlgrhalrln
Green,Chenehrough
Green,Wilson
Green,Irren
Green,Oreen
Green,Mrthmelirouch
Green,Hurnbloner
HornblowersAllnnhlgrhalrln,Chenehrough
HornblowersAllnnhlgrhalrln,Wilson
HornblowersAllnnhlgrhalrln,Irren
HornblowersAllnnhlgrhalrln,Oreen
HornblowersAllnnhlgrhalrln,Mrthmelirouch
HornblowersAllnnhlgrhalrln,Hurnbloner
Chenehrough,Wilson
Chenehrough,Irren
Chenehrough,Oreen
Chenehrough,Mrthmelirouch
Chenehrough,Hurnbloner
Wilson,Irren
Wilson,Oreen
Wilson,Mrthmelirouch
Wilson,Hurnbloner
Irren,Oreen
Irren,Mrthmelirouch
Irren,Hurnbloner
Oreen,Mrthmelirouch
Oreen,Hurnbloner
Mrthmelirouch,Hurnbloner
Tom Watson,Thornton
Tom Watson,Charles
Tom Watson,Tom Watson
Tom Watson,Illork Imler
Tom Watson,Hpeer
Tom Watson,Justus
Tom Watson,Watson
Tom Watson,Hlork
Thornton,Charles
Thornton,Tom Watson
Thornton,Illork Imler
Thornton,Hpeer
Thornton,Justus
Thornton,Watson
Thornton,Hlork
Charles,Tom Watson
Charles,Illork Imler
Charles,Hpeer
Charles,Justus
Charles,Watson
Charles,Hlork
Tom Watson,Illork Imler
Tom Watson,Hpeer
Tom Watson,Justus
Tom Watson,Watson
Tom Watson,Hlork
Illork Imler,Hpeer
Illork Imler,Justus
Illork Imler,Watson
Illork Imler,Hlork
Hpeer,Justus
Hpeer,Watson
Hpeer,Hlork
Justus,Watson
Justus,Hlork
Watson,Hlork
Kngineer Keating,Agrnt Wheeler
Kngineer Keating,Alderman
Kngineer Keating,Slouuu
Agrnt Wheeler,Alderman
Agrnt Wheeler,Slouuu
Alderman,Slouuu
Wright,Mrs Wright
Wright,Iho
Wright,Ian
Wright,Pintle Rlter
Wright,Ihiy
Wright,Walt
Wright,Jim
Wright,Milntlng
Wright,Jim
Wright,Walto
Mrs Wright,Iho
Mrs Wright,Ian
Mrs Wright,Pintle Rlter
Mrs Wright,Ihiy
Mrs Wright,Walt
Mrs Wright,Jim
Mrs Wright,Milntlng
Mrs Wright,Jim
Mrs Wright,Walto
Iho,Ian
Iho,Pintle Rlter
Iho,Ihiy
Iho,Walt
Iho,Jim
Iho,Milntlng
Iho,Jim
Iho,Walto
Ian,Pintle Rlter
Ian,Ihiy
Ian,Walt
Ian,Jim
Ian,Milntlng
Ian,Jim
Ian,Walto
Pintle Rlter,Ihiy
Pintle Rlter,Walt
Pintle Rlter,Jim
Pintle Rlter,Milntlng
Pintle Rlter,Jim
Pintle Rlter,Walto
Ihiy,Walt
Ihiy,Jim
Ihiy,Milntlng
Ihiy,Jim
Ihiy,Walto
Walt,Jim
Walt,Milntlng
Walt,Jim
Walt,Walto
Jim,Milntlng
Jim,Jim
Jim,Walto
Milntlng,Jim
Milntlng,Walto
Jim,Walto
Ilir,Wllllamiburgh
Ilir,Miller
Ilir,euan Iii
Wllllamiburgh,Miller
Wllllamiburgh,euan Iii
Miller,euan Iii
John,Charles
John,Hill
John,John Ilod Thnlllrs
John,Ilrmneratlc
John,Drpetv
John,Dutal
John,Charley Di
John,Uhauncey Dcimw
Charles,Hill
Charles,John Ilod Thnlllrs
Charles,Ilrmneratlc
Charles,Drpetv
Charles,Dutal
Charles,Charley Di
Charles,Uhauncey Dcimw
Hill,John Ilod Thnlllrs
Hill,Ilrmneratlc
Hill,Drpetv
Hill,Dutal
Hill,Charley Di
Hill,Uhauncey Dcimw
John Ilod Thnlllrs,Ilrmneratlc
John Ilod Thnlllrs,Drpetv
John Ilod Thnlllrs,Dutal
John Ilod Thnlllrs,Charley Di
John Ilod Thnlllrs,Uhauncey Dcimw
Ilrmneratlc,Drpetv
Ilrmneratlc,Dutal
Ilrmneratlc,Charley Di
Ilrmneratlc,Uhauncey Dcimw
Drpetv,Dutal
Drpetv,Charley Di
Drpetv,Uhauncey Dcimw
Dutal,Charley Di
Dutal,Uhauncey Dcimw
Charley Di,Uhauncey Dcimw
Huff,HidK Ihe
Huff,Ihoiiicwqulto
HidK Ihe,Ihoiiicwqulto
Herman Tenehtr,Millar
Herman Tenehtr,Inside Iho
Herman Tenehtr,Dunne
Herman Tenehtr,Minns
Herman Tenehtr,Hoefrl
Herman Tenehtr,Ixli Introdtiiid
Herman Tenehtr,Ilmfel
Herman Tenehtr,Ihen
Herman Tenehtr,Hoefel
Herman Tenehtr,KImlra
Herman Tenehtr,Hoefel
Millar,Inside Iho
Millar,Dunne
Millar,Minns
Millar,Hoefrl
Millar,Ixli Introdtiiid
Millar,Ilmfel
Millar,Ihen
Millar,Hoefel
Millar,KImlra
Millar,Hoefel
Inside Iho,Dunne
Inside Iho,Minns
Inside Iho,Hoefrl
Inside Iho,Ixli Introdtiiid
Inside Iho,Ilmfel
Inside Iho,Ihen
Inside Iho,Hoefel
Inside Iho,KImlra
Inside Iho,Hoefel
Dunne,Minns
Dunne,Hoefrl
Dunne,Ixli Introdtiiid
Dunne,Ilmfel
Dunne,Ihen
Dunne,Hoefel
Dunne,KImlra
Dunne,Hoefel
Minns,Hoefrl
Minns,Ixli Introdtiiid
Minns,Ilmfel
Minns,Ihen
Minns,Hoefel
Minns,KImlra
Minns,Hoefel
Hoefrl,Ixli Introdtiiid
Hoefrl,Ilmfel
Hoefrl,Ihen
Hoefrl,Hoefel
Hoefrl,KImlra
Hoefrl,Hoefel
Ixli Introdtiiid,Ilmfel
Ixli Introdtiiid,Ihen
Ixli Introdtiiid,Hoefel
Ixli Introdtiiid,KImlra
Ixli Introdtiiid,Hoefel
Ilmfel,Ihen
Ilmfel,Hoefel
Ilmfel,KImlra
Ilmfel,Hoefel
Ihen,Hoefel
Ihen,KImlra
Ihen,Hoefel
Hoefel,KImlra
Hoefel,Hoefel
KImlra,Hoefel
Seth,Ihnnkngltliii
Seth,Olin In
Ihnnkngltliii,Olin In
Ilia,Ihilndelphlicwlth
Ilia,Lxii
Ilia,Pott
Ilia,Irltb
Ilia,Vtii
Ilia,Sampson
Ilia,Judce
Ilia,John
Ilia,John A Iogan
Ilia,Thompson
Ilia,Pitts
Ilia,Stewart
Ihilndelphlicwlth,Lxii
Ihilndelphlicwlth,Pott
Ihilndelphlicwlth,Irltb
Ihilndelphlicwlth,Vtii
Ihilndelphlicwlth,Sampson
Ihilndelphlicwlth,Judce
Ihilndelphlicwlth,John
Ihilndelphlicwlth,John A Iogan
Ihilndelphlicwlth,Thompson
Ihilndelphlicwlth,Pitts
Ihilndelphlicwlth,Stewart
Lxii,Pott
Lxii,Irltb
Lxii,Vtii
Lxii,Sampson
Lxii,Judce
Lxii,John
Lxii,John A Iogan
Lxii,Thompson
Lxii,Pitts
Lxii,Stewart
Pott,Irltb
Pott,Vtii
Pott,Sampson
Pott,Judce
Pott,John
Pott,John A Iogan
Pott,Thompson
Pott,Pitts
Pott,Stewart
Irltb,Vtii
Irltb,Sampson
Irltb,Judce
Irltb,John
Irltb,John A Iogan
Irltb,Thompson
Irltb,Pitts
Irltb,Stewart
Vtii,Sampson
Vtii,Judce
Vtii,John
Vtii,John A Iogan
Vtii,Thompson
Vtii,Pitts
Vtii,Stewart
Sampson,Judce
Sampson,John
Sampson,John A Iogan
Sampson,Thompson
Sampson,Pitts
Sampson,Stewart
Judce,John
Judce,John A Iogan
Judce,Thompson
Judce,Pitts
Judce,Stewart
John,John A Iogan
John,Thompson
John,Pitts
John,Stewart
John A Iogan,Thompson
John A Iogan,Pitts
John A Iogan,Stewart
Thompson,Pitts
Thompson,Stewart
Pitts,Stewart
Jones,Mnsin Rcnshnw Jones
Jones,Kasl IlflteUhth
Jones,Jones
Jones,Air Jones
Jones,Jotirs
Jones,Jonei
Jones,Rtnsbnn Mnson Jones
Jones,Lewis Irncsl
Jones,Idch
Jones,Profrsior Kmerltus Di Klcenlinxlt
Jones,Elgtnbrndt
Jones,William R lcolte
Jones,Phlladelulda
Jones,William I AhKlnnln
Jones,Alerlnuln
Jones,Li Airs Vnnc Jiidson
Jones,Henry
Jones,Vdiiins Fxpresi
Jones,John Donnelly
Jones,Mason
Mnsin Rcnshnw Jones,Kasl IlflteUhth
Mnsin Rcnshnw Jones,Jones
Mnsin Rcnshnw Jones,Air Jones
Mnsin Rcnshnw Jones,Jotirs
Mnsin Rcnshnw Jones,Jonei
Mnsin Rcnshnw Jones,Rtnsbnn Mnson Jones
Mnsin Rcnshnw Jones,Lewis Irncsl
Mnsin Rcnshnw Jones,Idch
Mnsin Rcnshnw Jones,Profrsior Kmerltus Di Klcenlinxlt
Mnsin Rcnshnw Jones,Elgtnbrndt
Mnsin Rcnshnw Jones,William R lcolte
Mnsin Rcnshnw Jones,Phlladelulda
Mnsin Rcnshnw Jones,William I AhKlnnln
Mnsin Rcnshnw Jones,Alerlnuln
Mnsin Rcnshnw Jones,Li Airs Vnnc Jiidson
Mnsin Rcnshnw Jones,Henry
Mnsin Rcnshnw Jones,Vdiiins Fxpresi
Mnsin Rcnshnw Jones,John Donnelly
Mnsin Rcnshnw Jones,Mason
Kasl IlflteUhth,Jones
Kasl IlflteUhth,Air Jones
Kasl IlflteUhth,Jotirs
Kasl IlflteUhth,Jonei
Kasl IlflteUhth,Rtnsbnn Mnson Jones
Kasl IlflteUhth,Lewis Irncsl
Kasl IlflteUhth,Idch
Kasl IlflteUhth,Profrsior Kmerltus Di Klcenlinxlt
Kasl IlflteUhth,Elgtnbrndt
Kasl IlflteUhth,William R lcolte
Kasl IlflteUhth,Phlladelulda
Kasl IlflteUhth,William I AhKlnnln
Kasl IlflteUhth,Alerlnuln
Kasl IlflteUhth,Li Airs Vnnc Jiidson
Kasl IlflteUhth,Henry
Kasl IlflteUhth,Vdiiins Fxpresi
Kasl IlflteUhth,John Donnelly
Kasl IlflteUhth,Mason
Jones,Air Jones
Jones,Jotirs
Jones,Jonei
Jones,Rtnsbnn Mnson Jones
Jones,Lewis Irncsl
Jones,Idch
Jones,Profrsior Kmerltus Di Klcenlinxlt
Jones,Elgtnbrndt
Jones,William R lcolte
Jones,Phlladelulda
Jones,William I AhKlnnln
Jones,Alerlnuln
Jones,Li Airs Vnnc Jiidson
Jones,Henry
Jones,Vdiiins Fxpresi
Jones,John Donnelly
Jones,Mason
Air Jones,Jotirs
Air Jones,Jonei
Air Jones,Rtnsbnn Mnson Jones
Air Jones,Lewis Irncsl
Air Jones,Idch
Air Jones,Profrsior Kmerltus Di Klcenlinxlt
Air Jones,Elgtnbrndt
Air Jones,William R lcolte
Air Jones,Phlladelulda
Air Jones,William I AhKlnnln
Air Jones,Alerlnuln
Air Jones,Li Airs Vnnc Jiidson
Air Jones,Henry
Air Jones,Vdiiins Fxpresi
Air Jones,John Donnelly
Air Jones,Mason
Jotirs,Jonei
Jotirs,Rtnsbnn Mnson Jones
Jotirs,Lewis Irncsl
Jotirs,Idch
Jotirs,Profrsior Kmerltus Di Klcenlinxlt
Jotirs,Elgtnbrndt
Jotirs,William R lcolte
Jotirs,Phlladelulda
Jotirs,William I AhKlnnln
Jotirs,Alerlnuln
Jotirs,Li Airs Vnnc Jiidson
Jotirs,Henry
Jotirs,Vdiiins Fxpresi
Jotirs,John Donnelly
Jotirs,Mason
Jonei,Rtnsbnn Mnson Jones
Jonei,Lewis Irncsl
Jonei,Idch
Jonei,Profrsior Kmerltus Di Klcenlinxlt
Jonei,Elgtnbrndt
Jonei,William R lcolte
Jonei,Phlladelulda
Jonei,William I AhKlnnln
Jonei,Alerlnuln
Jonei,Li Airs Vnnc Jiidson
Jonei,Henry
Jonei,Vdiiins Fxpresi
Jonei,John Donnelly
Jonei,Mason
Rtnsbnn Mnson Jones,Lewis Irncsl
Rtnsbnn Mnson Jones,Idch
Rtnsbnn Mnson Jones,Profrsior Kmerltus Di Klcenlinxlt
Rtnsbnn Mnson Jones,Elgtnbrndt
Rtnsbnn Mnson Jones,William R lcolte
Rtnsbnn Mnson Jones,Phlladelulda
Rtnsbnn Mnson Jones,William I AhKlnnln
Rtnsbnn Mnson Jones,Alerlnuln
Rtnsbnn Mnson Jones,Li Airs Vnnc Jiidson
Rtnsbnn Mnson Jones,Henry
Rtnsbnn Mnson Jones,Vdiiins Fxpresi
Rtnsbnn Mnson Jones,John Donnelly
Rtnsbnn Mnson Jones,Mason
Lewis Irncsl,Idch
Lewis Irncsl,Profrsior Kmerltus Di Klcenlinxlt
Lewis Irncsl,Elgtnbrndt
Lewis Irncsl,William R lcolte
Lewis Irncsl,Phlladelulda
Lewis Irncsl,William I AhKlnnln
Lewis Irncsl,Alerlnuln
Lewis Irncsl,Li Airs Vnnc Jiidson
Lewis Irncsl,Henry
Lewis Irncsl,Vdiiins Fxpresi
Lewis Irncsl,John Donnelly
Lewis Irncsl,Mason
Idch,Profrsior Kmerltus Di Klcenlinxlt
Idch,Elgtnbrndt
Idch,William R lcolte
Idch,Phlladelulda
Idch,William I AhKlnnln
Idch,Alerlnuln
Idch,Li Airs Vnnc Jiidson
Idch,Henry
Idch,Vdiiins Fxpresi
Idch,John Donnelly
Idch,Mason
Profrsior Kmerltus Di Klcenlinxlt,Elgtnbrndt
Profrsior Kmerltus Di Klcenlinxlt,William R lcolte
Profrsior Kmerltus Di Klcenlinxlt,Phlladelulda
Profrsior Kmerltus Di Klcenlinxlt,William I AhKlnnln
Profrsior Kmerltus Di Klcenlinxlt,Alerlnuln
Profrsior Kmerltus Di Klcenlinxlt,Li Airs Vnnc Jiidson
Profrsior Kmerltus Di Klcenlinxlt,Henry
Profrsior Kmerltus Di Klcenlinxlt,Vdiiins Fxpresi
Profrsior Kmerltus Di Klcenlinxlt,John Donnelly
Profrsior Kmerltus Di Klcenlinxlt,Mason
Elgtnbrndt,William R lcolte
Elgtnbrndt,Phlladelulda
Elgtnbrndt,William I AhKlnnln
Elgtnbrndt,Alerlnuln
Elgtnbrndt,Li Airs Vnnc Jiidson
Elgtnbrndt,Henry
Elgtnbrndt,Vdiiins Fxpresi
Elgtnbrndt,John Donnelly
Elgtnbrndt,Mason
William R lcolte,Phlladelulda
William R lcolte,William I AhKlnnln
William R lcolte,Alerlnuln
William R lcolte,Li Airs Vnnc Jiidson
William R lcolte,Henry
William R lcolte,Vdiiins Fxpresi
William R lcolte,John Donnelly
William R lcolte,Mason
Phlladelulda,William I AhKlnnln
Phlladelulda,Alerlnuln
Phlladelulda,Li Airs Vnnc Jiidson
Phlladelulda,Henry
Phlladelulda,Vdiiins Fxpresi
Phlladelulda,John Donnelly
Phlladelulda,Mason
William I AhKlnnln,Alerlnuln
William I AhKlnnln,Li Airs Vnnc Jiidson
William I AhKlnnln,Henry
William I AhKlnnln,Vdiiins Fxpresi
William I AhKlnnln,John Donnelly
William I AhKlnnln,Mason
Alerlnuln,Li Airs Vnnc Jiidson
Alerlnuln,Henry
Alerlnuln,Vdiiins Fxpresi
Alerlnuln,John Donnelly
Alerlnuln,Mason
Li Airs Vnnc Jiidson,Henry
Li Airs Vnnc Jiidson,Vdiiins Fxpresi
Li Airs Vnnc Jiidson,John Donnelly
Li Airs Vnnc Jiidson,Mason
Henry,Vdiiins Fxpresi
Henry,John Donnelly
Henry,Mason
Vdiiins Fxpresi,John Donnelly
Vdiiins Fxpresi,Mason
John Donnelly,Mason
Anne Klctrn,Wnli
Anne Klctrn,Imlj
Anne Klctrn,Ilia Impcilal
Anne Klctrn,CatlmlrPerler Aiccpt
Anne Klctrn,Bsurtd
Anne Klctrn,Irani Alexander III
Anne Klctrn,Alexander
Anne Klctrn,Fmperor Nicholas
Anne Klctrn,Iliirdeau
Anne Klctrn,da Herr Chtumrtslct
Anne Klctrn,Herr
Anne Klctrn,Hrrr ChlumotKky
Anne Klctrn,Ilierondo Marochettl
Anne Klctrn,Humbert
Anne Klctrn,Nicholas
Wnli,Imlj
Wnli,Ilia Impcilal
Wnli,CatlmlrPerler Aiccpt
Wnli,Bsurtd
Wnli,Irani Alexander III
Wnli,Alexander
Wnli,Fmperor Nicholas
Wnli,Iliirdeau
Wnli,da Herr Chtumrtslct
Wnli,Herr
Wnli,Hrrr ChlumotKky
Wnli,Ilierondo Marochettl
Wnli,Humbert
Wnli,Nicholas
Imlj,Ilia Impcilal
Imlj,CatlmlrPerler Aiccpt
Imlj,Bsurtd
Imlj,Irani Alexander III
Imlj,Alexander
Imlj,Fmperor Nicholas
Imlj,Iliirdeau
Imlj,da Herr Chtumrtslct
Imlj,Herr
Imlj,Hrrr ChlumotKky
Imlj,Ilierondo Marochettl
Imlj,Humbert
Imlj,Nicholas
Ilia Impcilal,CatlmlrPerler Aiccpt
Ilia Impcilal,Bsurtd
Ilia Impcilal,Irani Alexander III
Ilia Impcilal,Alexander
Ilia Impcilal,Fmperor Nicholas
Ilia Impcilal,Iliirdeau
Ilia Impcilal,da Herr Chtumrtslct
Ilia Impcilal,Herr
Ilia Impcilal,Hrrr ChlumotKky
Ilia Impcilal,Ilierondo Marochettl
Ilia Impcilal,Humbert
Ilia Impcilal,Nicholas
CatlmlrPerler Aiccpt,Bsurtd
CatlmlrPerler Aiccpt,Irani Alexander III
CatlmlrPerler Aiccpt,Alexander
CatlmlrPerler Aiccpt,Fmperor Nicholas
CatlmlrPerler Aiccpt,Iliirdeau
CatlmlrPerler Aiccpt,da Herr Chtumrtslct
CatlmlrPerler Aiccpt,Herr
CatlmlrPerler Aiccpt,Hrrr ChlumotKky
CatlmlrPerler Aiccpt,Ilierondo Marochettl
CatlmlrPerler Aiccpt,Humbert
CatlmlrPerler Aiccpt,Nicholas
Bsurtd,Irani Alexander III
Bsurtd,Alexander
Bsurtd,Fmperor Nicholas
Bsurtd,Iliirdeau
Bsurtd,da Herr Chtumrtslct
Bsurtd,Herr
Bsurtd,Hrrr ChlumotKky
Bsurtd,Ilierondo Marochettl
Bsurtd,Humbert
Bsurtd,Nicholas
Irani Alexander III,Alexander
Irani Alexander III,Fmperor Nicholas
Irani Alexander III,Iliirdeau
Irani Alexander III,da Herr Chtumrtslct
Irani Alexander III,Herr
Irani Alexander III,Hrrr ChlumotKky
Irani Alexander III,Ilierondo Marochettl
Irani Alexander III,Humbert
Irani Alexander III,Nicholas
Alexander,Fmperor Nicholas
Alexander,Iliirdeau
Alexander,da Herr Chtumrtslct
Alexander,Herr
Alexander,Hrrr ChlumotKky
Alexander,Ilierondo Marochettl
Alexander,Humbert
Alexander,Nicholas
Fmperor Nicholas,Iliirdeau
Fmperor Nicholas,da Herr Chtumrtslct
Fmperor Nicholas,Herr
Fmperor Nicholas,Hrrr ChlumotKky
Fmperor Nicholas,Ilierondo Marochettl
Fmperor Nicholas,Humbert
Fmperor Nicholas,Nicholas
Iliirdeau,da Herr Chtumrtslct
Iliirdeau,Herr
Iliirdeau,Hrrr ChlumotKky
Iliirdeau,Ilierondo Marochettl
Iliirdeau,Humbert
Iliirdeau,Nicholas
da Herr Chtumrtslct,Herr
da Herr Chtumrtslct,Hrrr ChlumotKky
da Herr Chtumrtslct,Ilierondo Marochettl
da Herr Chtumrtslct,Humbert
da Herr Chtumrtslct,Nicholas
Herr,Hrrr ChlumotKky
Herr,Ilierondo Marochettl
Herr,Humbert
Herr,Nicholas
Hrrr ChlumotKky,Ilierondo Marochettl
Hrrr ChlumotKky,Humbert
Hrrr ChlumotKky,Nicholas
Ilierondo Marochettl,Humbert
Ilierondo Marochettl,Nicholas
Humbert,Nicholas
Ibe Demli,Alexander
Ibe Demli,Alix
Ibe Demli,Olga
Ibe Demli,SaxeCoburg Uothua
Ibe Demli,Ietden
Ibe Demli,Duchess Elizabeth
Ibe Demli,Alii
Ibe Demli,Iktili
Ibe Demli,Ion KII
Alexander,Alix
Alexander,Olga
Alexander,SaxeCoburg Uothua
Alexander,Ietden
Alexander,Duchess Elizabeth
Alexander,Alii
Alexander,Iktili
Alexander,Ion KII
Alix,Olga
Alix,SaxeCoburg Uothua
Alix,Ietden
Alix,Duchess Elizabeth
Alix,Alii
Alix,Iktili
Alix,Ion KII
Olga,SaxeCoburg Uothua
Olga,Ietden
Olga,Duchess Elizabeth
Olga,Alii
Olga,Iktili
Olga,Ion KII
SaxeCoburg Uothua,Ietden
SaxeCoburg Uothua,Duchess Elizabeth
SaxeCoburg Uothua,Alii
SaxeCoburg Uothua,Iktili
SaxeCoburg Uothua,Ion KII
Ietden,Duchess Elizabeth
Ietden,Alii
Ietden,Iktili
Ietden,Ion KII
Duchess Elizabeth,Alii
Duchess Elizabeth,Iktili
Duchess Elizabeth,Ion KII
Alii,Iktili
Alii,Ion KII
Iktili,Ion KII
Chnlloii Tlowis,Hans
Chnlloii Tlowis,Johns Hopkins
Chnlloii Tlowis,Prof Palmer
Chnlloii Tlowis,Johns Hopkins
Chnlloii Tlowis,Frank Damrosch
Chnlloii Tlowis,Wagners Hans ach
Hans,Johns Hopkins
Hans,Prof Palmer
Hans,Johns Hopkins
Hans,Frank Damrosch
Hans,Wagners Hans ach
Johns Hopkins,Prof Palmer
Johns Hopkins,Johns Hopkins
Johns Hopkins,Frank Damrosch
Johns Hopkins,Wagners Hans ach
Prof Palmer,Johns Hopkins
Prof Palmer,Frank Damrosch
Prof Palmer,Wagners Hans ach
Johns Hopkins,Frank Damrosch
Johns Hopkins,Wagners Hans ach
Frank Damrosch,Wagners Hans ach
Myre de Vllers,Hpei
Rood,Taylor
Rood,Don
Rood,Ijorkhari
Rood,Hal Plenum
Rood,Nerles
Rood,Nnrnh Korth
Rood,Hiott
Rood,Tnnva
Taylor,Don
Taylor,Ijorkhari
Taylor,Hal Plenum
Taylor,Nerles
Taylor,Nnrnh Korth
Taylor,Hiott
Taylor,Tnnva
Don,Ijorkhari
Don,Hal Plenum
Don,Nerles
Don,Nnrnh Korth
Don,Hiott
Don,Tnnva
Ijorkhari,Hal Plenum
Ijorkhari,Nerles
Ijorkhari,Nnrnh Korth
Ijorkhari,Hiott
Ijorkhari,Tnnva
Hal Plenum,Nerles
Hal Plenum,Nnrnh Korth
Hal Plenum,Hiott
Hal Plenum,Tnnva
Nerles,Nnrnh Korth
Nerles,Hiott
Nerles,Tnnva
Nnrnh Korth,Hiott
Nnrnh Korth,Tnnva
Hiott,Tnnva
Sara,PATRICK
Sara,KRKWIX
Sara,Aho
Sara,McKlNLKV
Sara,Ron
PATRICK,KRKWIX
PATRICK,Aho
PATRICK,McKlNLKV
PATRICK,Ron
KRKWIX,Aho
KRKWIX,McKlNLKV
KRKWIX,Ron
Aho,McKlNLKV
Aho,Ron
McKlNLKV,Ron
Imr Klralfy,Freedman
Kntllthmen,Irtat
Kntllthmen,Mason
Kntllthmen,White of SU Louis
Irtat,Mason
Irtat,White of SU Louis
Mason,White of SU Louis
Akxoclattsl,Hubert
Akxoclattsl,Ibe
Hubert,Ibe
Henry McAlcenan,Mrs
Henry McAlcenan,MeAleenan
Henry McAlcenan,Ito
Mrs,MeAleenan
Mrs,Ito
MeAleenan,Ito
Cooper Ililon,Ilii
Cooper Ililon,Charles
Cooper Ililon,Samuel
Cooper Ililon,Baylns
Cooper Ililon,AltinlMri
Ilii,Charles
Ilii,Samuel
Ilii,Baylns
Ilii,AltinlMri
Charles,Samuel
Charles,Baylns
Charles,AltinlMri
Samuel,Baylns
Samuel,AltinlMri
Baylns,AltinlMri
Francis,Eric
Francis,Ciillannn
Francis,Mill Illnclim
Francis,Iallana
Francis,Decker
Francis,Callanan
Eric,Ciillannn
Eric,Mill Illnclim
Eric,Iallana
Eric,Decker
Eric,Callanan
Ciillannn,Mill Illnclim
Ciillannn,Iallana
Ciillannn,Decker
Ciillannn,Callanan
Mill Illnclim,Iallana
Mill Illnclim,Decker
Mill Illnclim,Callanan
Iallana,Decker
Iallana,Callanan
Decker,Callanan
Marlon,Miller
Marlon,Thomas WliiMir
Miller,Thomas WliiMir
Imler,Ilrntight
Imler,Inaveli
Ilrntight,Inaveli
Adams,Vusi Ingtoii
Adams,Pntigiiki
Adams,Clrvclainl
Adams,Hubert
Adams,Ilkcniiinunl Anni
Vusi Ingtoii,Pntigiiki
Vusi Ingtoii,Clrvclainl
Vusi Ingtoii,Hubert
Vusi Ingtoii,Ilkcniiinunl Anni
Pntigiiki,Clrvclainl
Pntigiiki,Hubert
Pntigiiki,Ilkcniiinunl Anni
Clrvclainl,Hubert
Clrvclainl,Ilkcniiinunl Anni
Hubert,Ilkcniiinunl Anni
Morris,Horn
Ibe,Aillfldiinl
Ibe,IliPiimmisetsnf
Aillfldiinl,IliPiimmisetsnf
UeoiRp Jay loubl,Nottl
Karl Cranston,Joyce Fitzgerald
Karl Cranston,Karl Cranston
Joyce Fitzgerald,Karl Cranston
Andrews,Lexow
Andrews,Eugar M Tomllnson
Andrews,Andrews
Lexow,Eugar M Tomllnson
Lexow,Andrews
Eugar M Tomllnson,Andrews
Couplala,DlTvcr William II Hale
Moev,George K Whitworth
Moev,Allison Las
Moev,Whit
Moev,Allison
Moev,Allison III the Clln
Moev,Allison
George K Whitworth,Allison Las
George K Whitworth,Whit
George K Whitworth,Allison
George K Whitworth,Allison III the Clln
George K Whitworth,Allison
Allison Las,Whit
Allison Las,Allison
Allison Las,Allison III the Clln
Allison Las,Allison
Whit,Allison
Whit,Allison III the Clln
Whit,Allison
Allison,Allison III the Clln
Allison,Allison
Allison III the Clln,Allison
icorgu Chaffee,CUric Bcl
icorgu Chaffee,Dailey J
CUric Bcl,Dailey J
Andrew H Green,Green R L Fryer
Andrew H Green,William Hamilton
Andrew H Green,John M Dowers
Andrew H Green,Green
Andrew H Green,Gresham
Green R L Fryer,William Hamilton
Green R L Fryer,John M Dowers
Green R L Fryer,Green
Green R L Fryer,Gresham
William Hamilton,John M Dowers
William Hamilton,Green
William Hamilton,Gresham
John M Dowers,Green
John M Dowers,Gresham
Green,Gresham
Mrs Charlotte II Haydon,Frank A Wilkinson
Mrs Charlotte II Haydon,Charles A Ha don
Mrs Charlotte II Haydon,Wilkinson
Mrs Charlotte II Haydon,Hald
Mrs Charlotte II Haydon,Haydnn
Frank A Wilkinson,Charles A Ha don
Frank A Wilkinson,Wilkinson
Frank A Wilkinson,Hald
Frank A Wilkinson,Haydnn
Charles A Ha don,Wilkinson
Charles A Ha don,Hald
Charles A Ha don,Haydnn
Wilkinson,Hald
Wilkinson,Haydnn
Hald,Haydnn
Samuel It Davis,Mntnrtnan James Kelly
Samuel It Davis,JiavU
Samuel It Davis,Kelly
Samuel It Davis,McElroy
Samuel It Davis,Davis
Samuel It Davis,Duv
Mntnrtnan James Kelly,JiavU
Mntnrtnan James Kelly,Kelly
Mntnrtnan James Kelly,McElroy
Mntnrtnan James Kelly,Davis
Mntnrtnan James Kelly,Duv
JiavU,Kelly
JiavU,McElroy
JiavU,Davis
JiavU,Duv
Kelly,McElroy
Kelly,Davis
Kelly,Duv
McElroy,Davis
McElroy,Duv
Davis,Duv
Daniel W Tnllmadge,Itenja mIni Tallmuilge
Daniel W Tnllmadge,John Y McKnnns
Daniel W Tnllmadge,Harrison
Daniel W Tnllmadge,Knssctt
Daniel W Tnllmadge,Ieler Cooper Tlemnn
Daniel W Tnllmadge,Daniel K Tleman
Daniel W Tnllmadge,Peter CiMipcr
Daniel W Tnllmadge,Coopers
Daniel W Tnllmadge,Ho Icuvefl
Daniel W Tnllmadge,William Sutton
Daniel W Tnllmadge,Kcho
Daniel W Tnllmadge,Hutton
Daniel W Tnllmadge,Ho
Daniel W Tnllmadge,Peter JVolt
Daniel W Tnllmadge,Chester Kushncll
Daniel W Tnllmadge,Iliuhnell
Itenja mIni Tallmuilge,John Y McKnnns
Itenja mIni Tallmuilge,Harrison
Itenja mIni Tallmuilge,Knssctt
Itenja mIni Tallmuilge,Ieler Cooper Tlemnn
Itenja mIni Tallmuilge,Daniel K Tleman
Itenja mIni Tallmuilge,Peter CiMipcr
Itenja mIni Tallmuilge,Coopers
Itenja mIni Tallmuilge,Ho Icuvefl
Itenja mIni Tallmuilge,William Sutton
Itenja mIni Tallmuilge,Kcho
Itenja mIni Tallmuilge,Hutton
Itenja mIni Tallmuilge,Ho
Itenja mIni Tallmuilge,Peter JVolt
Itenja mIni Tallmuilge,Chester Kushncll
Itenja mIni Tallmuilge,Iliuhnell
John Y McKnnns,Harrison
John Y McKnnns,Knssctt
John Y McKnnns,Ieler Cooper Tlemnn
John Y McKnnns,Daniel K Tleman
John Y McKnnns,Peter CiMipcr
John Y McKnnns,Coopers
John Y McKnnns,Ho Icuvefl
John Y McKnnns,William Sutton
John Y McKnnns,Kcho
John Y McKnnns,Hutton
John Y McKnnns,Ho
John Y McKnnns,Peter JVolt
John Y McKnnns,Chester Kushncll
John Y McKnnns,Iliuhnell
Harrison,Knssctt
Harrison,Ieler Cooper Tlemnn
Harrison,Daniel K Tleman
Harrison,Peter CiMipcr
Harrison,Coopers
Harrison,Ho Icuvefl
Harrison,William Sutton
Harrison,Kcho
Harrison,Hutton
Harrison,Ho
Harrison,Peter JVolt
Harrison,Chester Kushncll
Harrison,Iliuhnell
Knssctt,Ieler Cooper Tlemnn
Knssctt,Daniel K Tleman
Knssctt,Peter CiMipcr
Knssctt,Coopers
Knssctt,Ho Icuvefl
Knssctt,William Sutton
Knssctt,Kcho
Knssctt,Hutton
Knssctt,Ho
Knssctt,Peter JVolt
Knssctt,Chester Kushncll
Knssctt,Iliuhnell
Ieler Cooper Tlemnn,Daniel K Tleman
Ieler Cooper Tlemnn,Peter CiMipcr
Ieler Cooper Tlemnn,Coopers
Ieler Cooper Tlemnn,Ho Icuvefl
Ieler Cooper Tlemnn,William Sutton
Ieler Cooper Tlemnn,Kcho
Ieler Cooper Tlemnn,Hutton
Ieler Cooper Tlemnn,Ho
Ieler Cooper Tlemnn,Peter JVolt
Ieler Cooper Tlemnn,Chester Kushncll
Ieler Cooper Tlemnn,Iliuhnell
Daniel K Tleman,Peter CiMipcr
Daniel K Tleman,Coopers
Daniel K Tleman,Ho Icuvefl
Daniel K Tleman,William Sutton
Daniel K Tleman,Kcho
Daniel K Tleman,Hutton
Daniel K Tleman,Ho
Daniel K Tleman,Peter JVolt
Daniel K Tleman,Chester Kushncll
Daniel K Tleman,Iliuhnell
Peter CiMipcr,Coopers
Peter CiMipcr,Ho Icuvefl
Peter CiMipcr,William Sutton
Peter CiMipcr,Kcho
Peter CiMipcr,Hutton
Peter CiMipcr,Ho
Peter CiMipcr,Peter JVolt
Peter CiMipcr,Chester Kushncll
Peter CiMipcr,Iliuhnell
Coopers,Ho Icuvefl
Coopers,William Sutton
Coopers,Kcho
Coopers,Hutton
Coopers,Ho
Coopers,Peter JVolt
Coopers,Chester Kushncll
Coopers,Iliuhnell
Ho Icuvefl,William Sutton
Ho Icuvefl,Kcho
Ho Icuvefl,Hutton
Ho Icuvefl,Ho
Ho Icuvefl,Peter JVolt
Ho Icuvefl,Chester Kushncll
Ho Icuvefl,Iliuhnell
William Sutton,Kcho
William Sutton,Hutton
William Sutton,Ho
William Sutton,Peter JVolt
William Sutton,Chester Kushncll
William Sutton,Iliuhnell
Kcho,Hutton
Kcho,Ho
Kcho,Peter JVolt
Kcho,Chester Kushncll
Kcho,Iliuhnell
Hutton,Ho
Hutton,Peter JVolt
Hutton,Chester Kushncll
Hutton,Iliuhnell
Ho,Peter JVolt
Ho,Chester Kushncll
Ho,Iliuhnell
Peter JVolt,Chester Kushncll
Peter JVolt,Iliuhnell
Chester Kushncll,Iliuhnell
Michael J O Donncll,Col Stevens
Joscphns Daniels,Daniels
Joscphns Daniels,Htatn
Daniels,Htatn
Springer,Springer
Springer,Springer
Springer,Springer
Herbert,Capt Ilalnbrldce Kofi
Charles,Mrs Cbarl
Charles,Hharn Jr
Mrs Cbarl,Hharn Jr
Archer,James R Read
Archer,Lacombe
Archer,Lawrence
James R Read,Lacombe
James R Read,Lawrence
Lacombe,Lawrence
Samuel Lewis,Rudolph Sommers
Samuel Lewis,Hastings Iliesson
Rudolph Sommers,Hastings Iliesson
George H Passey,Horace Cralghead
George H Passey,Cralghead
Horace Cralghead,Cralghead
George Seymour of Hobo Ken,Donato
George Seymour of Hobo Ken,Wlnfleld
George Seymour of Hobo Ken,Seymour
George Seymour of Hobo Ken,Wlnlleld
George Seymour of Hobo Ken,Wlnfleld
George Seymour of Hobo Ken,HuiUpeth
Donato,Wlnfleld
Donato,Seymour
Donato,Wlnlleld
Donato,Wlnfleld
Donato,HuiUpeth
Wlnfleld,Seymour
Wlnfleld,Wlnlleld
Wlnfleld,Wlnfleld
Wlnfleld,HuiUpeth
Seymour,Wlnlleld
Seymour,Wlnfleld
Seymour,HuiUpeth
Wlnlleld,Wlnfleld
Wlnlleld,HuiUpeth
Wlnfleld,HuiUpeth
Messrs Abraham A Straus,Hocker
Jarob Dutnfelser,William
Jarob Dutnfelser,Dumfelser
William,Dumfelser
Chester,Chester
Drey,Palmer Campbell
James McGlnnls,McGlnnls
James McGlnnls,McGlnnls
McGlnnls,McGlnnls
Bates,Jennie
Bnlniford,William S Italnsford
MR ANn MRS rEAnSAZLlt FXRIL,Thomas K le1tIa1l
MR ANn MRS rEAnSAZLlt FXRIL,Iesr
Thomas K le1tIa1l,Iesr
Erleksoa,John Krlckson
Erleksoa,Cook
John Krlckson,Cook
John S Mcnsghs,Jamrs Smith
John S Mcnsghs,Holmken
John S Mcnsghs,Craiiv
Jamrs Smith,Holmken
Jamrs Smith,Craiiv
Holmken,Craiiv
Hrhleren,Augustus K Sloan
Hrhleren,Charles I L Tiffany Major Charles A Pchlcrenof Brooklyn Mayorelect William L Strong
Hrhleren,Franklin Dartlett Charles Stewart Smith
Hrhleren,Frederic Tuj
Hrhleren,Schleren
Hrhleren,Franklin Bartlett
Hrhleren,Noah Ijavis David C Lodtt
Hrhleren,John W Brocoii Charles Stexxart Smith
Augustus K Sloan,Charles I L Tiffany Major Charles A Pchlcrenof Brooklyn Mayorelect William L Strong
Augustus K Sloan,Franklin Dartlett Charles Stewart Smith
Augustus K Sloan,Frederic Tuj
Augustus K Sloan,Schleren
Augustus K Sloan,Franklin Bartlett
Augustus K Sloan,Noah Ijavis David C Lodtt
Augustus K Sloan,John W Brocoii Charles Stexxart Smith
Charles I L Tiffany Major Charles A Pchlcrenof Brooklyn Mayorelect William L Strong,Franklin Dartlett Charles Stewart Smith
Charles I L Tiffany Major Charles A Pchlcrenof Brooklyn Mayorelect William L Strong,Frederic Tuj
Charles I L Tiffany Major Charles A Pchlcrenof Brooklyn Mayorelect William L Strong,Schleren
Charles I L Tiffany Major Charles A Pchlcrenof Brooklyn Mayorelect William L Strong,Franklin Bartlett
Charles I L Tiffany Major Charles A Pchlcrenof Brooklyn Mayorelect William L Strong,Noah Ijavis David C Lodtt
Charles I L Tiffany Major Charles A Pchlcrenof Brooklyn Mayorelect William L Strong,John W Brocoii Charles Stexxart Smith
Franklin Dartlett Charles Stewart Smith,Frederic Tuj
Franklin Dartlett Charles Stewart Smith,Schleren
Franklin Dartlett Charles Stewart Smith,Franklin Bartlett
Franklin Dartlett Charles Stewart Smith,Noah Ijavis David C Lodtt
Franklin Dartlett Charles Stewart Smith,John W Brocoii Charles Stexxart Smith
Frederic Tuj,Schleren
Frederic Tuj,Franklin Bartlett
Frederic Tuj,Noah Ijavis David C Lodtt
Frederic Tuj,John W Brocoii Charles Stexxart Smith
Schleren,Franklin Bartlett
Schleren,Noah Ijavis David C Lodtt
Schleren,John W Brocoii Charles Stexxart Smith
Franklin Bartlett,Noah Ijavis David C Lodtt
Franklin Bartlett,John W Brocoii Charles Stexxart Smith
Noah Ijavis David C Lodtt,John W Brocoii Charles Stexxart Smith
Vrouldbe Hiilrlde Stanley Kvlll,Ilia
Tremendon Ran,Wizard Jivob Schaefer
Tremendon Ran,Frank Ives
Tremendon Ran,Napoleon
Tremendon Ran,Schaefer
Tremendon Ran,Schaefer
Tremendon Ran,Schacfer
Tremendon Ran,Vlgnaux
Tremendon Ran,Schacfer
Tremendon Ran,Schaefer
Tremendon Ran,Itxxasxerv
Tremendon Ran,Niipolron
Tremendon Ran,Schaefer
Tremendon Ran,Napoleon
Tremendon Ran,Iwtter
Tremendon Ran,Zll
Tremendon Ran,Hiiiill
Tremendon Ran,Nii
Wizard Jivob Schaefer,Frank Ives
Wizard Jivob Schaefer,Napoleon
Wizard Jivob Schaefer,Schaefer
Wizard Jivob Schaefer,Schaefer
Wizard Jivob Schaefer,Schacfer
Wizard Jivob Schaefer,Vlgnaux
Wizard Jivob Schaefer,Schacfer
Wizard Jivob Schaefer,Schaefer
Wizard Jivob Schaefer,Itxxasxerv
Wizard Jivob Schaefer,Niipolron
Wizard Jivob Schaefer,Schaefer
Wizard Jivob Schaefer,Napoleon
Wizard Jivob Schaefer,Iwtter
Wizard Jivob Schaefer,Zll
Wizard Jivob Schaefer,Hiiiill
Wizard Jivob Schaefer,Nii
Frank Ives,Napoleon
Frank Ives,Schaefer
Frank Ives,Schaefer
Frank Ives,Schacfer
Frank Ives,Vlgnaux
Frank Ives,Schacfer
Frank Ives,Schaefer
Frank Ives,Itxxasxerv
Frank Ives,Niipolron
Frank Ives,Schaefer
Frank Ives,Napoleon
Frank Ives,Iwtter
Frank Ives,Zll
Frank Ives,Hiiiill
Frank Ives,Nii
Napoleon,Schaefer
Napoleon,Schaefer
Napoleon,Schacfer
Napoleon,Vlgnaux
Napoleon,Schacfer
Napoleon,Schaefer
Napoleon,Itxxasxerv
Napoleon,Niipolron
Napoleon,Schaefer
Napoleon,Napoleon
Napoleon,Iwtter
Napoleon,Zll
Napoleon,Hiiiill
Napoleon,Nii
Schaefer,Schaefer
Schaefer,Schacfer
Schaefer,Vlgnaux
Schaefer,Schacfer
Schaefer,Schaefer
Schaefer,Itxxasxerv
Schaefer,Niipolron
Schaefer,Schaefer
Schaefer,Napoleon
Schaefer,Iwtter
Schaefer,Zll
Schaefer,Hiiiill
Schaefer,Nii
Schaefer,Schacfer
Schaefer,Vlgnaux
Schaefer,Schacfer
Schaefer,Schaefer
Schaefer,Itxxasxerv
Schaefer,Niipolron
Schaefer,Schaefer
Schaefer,Napoleon
Schaefer,Iwtter
Schaefer,Zll
Schaefer,Hiiiill
Schaefer,Nii
Schacfer,Vlgnaux
Schacfer,Schacfer
Schacfer,Schaefer
Schacfer,Itxxasxerv
Schacfer,Niipolron
Schacfer,Schaefer
Schacfer,Napoleon
Schacfer,Iwtter
Schacfer,Zll
Schacfer,Hiiiill
Schacfer,Nii
Vlgnaux,Schacfer
Vlgnaux,Schaefer
Vlgnaux,Itxxasxerv
Vlgnaux,Niipolron
Vlgnaux,Schaefer
Vlgnaux,Napoleon
Vlgnaux,Iwtter
Vlgnaux,Zll
Vlgnaux,Hiiiill
Vlgnaux,Nii
Schacfer,Schaefer
Schacfer,Itxxasxerv
Schacfer,Niipolron
Schacfer,Schaefer
Schacfer,Napoleon
Schacfer,Iwtter
Schacfer,Zll
Schacfer,Hiiiill
Schacfer,Nii
Schaefer,Itxxasxerv
Schaefer,Niipolron
Schaefer,Schaefer
Schaefer,Napoleon
Schaefer,Iwtter
Schaefer,Zll
Schaefer,Hiiiill
Schaefer,Nii
Itxxasxerv,Niipolron
Itxxasxerv,Schaefer
Itxxasxerv,Napoleon
Itxxasxerv,Iwtter
Itxxasxerv,Zll
Itxxasxerv,Hiiiill
Itxxasxerv,Nii
Niipolron,Schaefer
Niipolron,Napoleon
Niipolron,Iwtter
Niipolron,Zll
Niipolron,Hiiiill
Niipolron,Nii
Schaefer,Napoleon
Schaefer,Iwtter
Schaefer,Zll
Schaefer,Hiiiill
Schaefer,Nii
Napoleon,Iwtter
Napoleon,Zll
Napoleon,Hiiiill
Napoleon,Nii
Iwtter,Zll
Iwtter,Hiiiill
Iwtter,Nii
Zll,Hiiiill
Zll,Nii
Hiiiill,Nii
William Dalton,Peter Mor
William Dalton,Murphy
William Dalton,Murpliy
Peter Mor,Murphy
Peter Mor,Murpliy
Murphy,Murpliy
Knte Kenrner,Mis Kearney
John Kill,Lronanl Kalian
Alfred S Haiighton,Morton Clubof
Alfred S Haiighton,Haughton
Morton Clubof,Haughton
CLKVIUMI,CLKVCLAND
CLKVIUMI,WILSON
CLKVIUMI,ClEVKHSli
CLKVIUMI,WILSON
CLKVCLAND,WILSON
CLKVCLAND,ClEVKHSli
CLKVCLAND,WILSON
WILSON,ClEVKHSli
WILSON,WILSON
ClEVKHSli,WILSON
Jonne,Tim Illuntrlous Arab
James Quinn,Daly
Campbell,Oyer
Campbell,Iluirnl
Oyer,Iluirnl
Jacob W Knippon,Jcstlce
Bentley,Tlt Lrl
Bentley,Woram
Bentley,J Grant
Bentley,Mclnt
Bentley,Josephine
Bentley,Mrs Josoli
Bentley,Thorpe
Bentley,Cbinpiukjn
Bentley,Mcintyre
Bentley,McIntyre
Tlt Lrl,Woram
Tlt Lrl,J Grant
Tlt Lrl,Mclnt
Tlt Lrl,Josephine
Tlt Lrl,Mrs Josoli
Tlt Lrl,Thorpe
Tlt Lrl,Cbinpiukjn
Tlt Lrl,Mcintyre
Tlt Lrl,McIntyre
Woram,J Grant
Woram,Mclnt
Woram,Josephine
Woram,Mrs Josoli
Woram,Thorpe
Woram,Cbinpiukjn
Woram,Mcintyre
Woram,McIntyre
J Grant,Mclnt
J Grant,Josephine
J Grant,Mrs Josoli
J Grant,Thorpe
J Grant,Cbinpiukjn
J Grant,Mcintyre
J Grant,McIntyre
Mclnt,Josephine
Mclnt,Mrs Josoli
Mclnt,Thorpe
Mclnt,Cbinpiukjn
Mclnt,Mcintyre
Mclnt,McIntyre
Josephine,Mrs Josoli
Josephine,Thorpe
Josephine,Cbinpiukjn
Josephine,Mcintyre
Josephine,McIntyre
Mrs Josoli,Thorpe
Mrs Josoli,Cbinpiukjn
Mrs Josoli,Mcintyre
Mrs Josoli,McIntyre
Thorpe,Cbinpiukjn
Thorpe,Mcintyre
Thorpe,McIntyre
Cbinpiukjn,Mcintyre
Cbinpiukjn,McIntyre
Mcintyre,McIntyre
Horace Mann,Seth Low
Horace Mann,Howard
Horace Mann,Horace Mann
Horace Mann,Trutef
Seth Low,Howard
Seth Low,Horace Mann
Seth Low,Trutef
Howard,Horace Mann
Howard,Trutef
Horace Mann,Trutef
Veilvorlb Mast Oo,Barrett
Veilvorlb Mast Oo,William P I Wentworlh
Barrett,William P I Wentworlh
Iarkhtirst,Hilmrletitlj
Iarkhtirst,Iarkhutst
Hilmrletitlj,Iarkhutst
Kltch,Kltch
Daniel,Morton
Daniel,Keren
Daniel,John ablnn Smith
Daniel,John Murray Mitchell
Daniel,James J Walsh
Morton,Keren
Morton,John ablnn Smith
Morton,John Murray Mitchell
Morton,James J Walsh
Keren,John ablnn Smith
Keren,John Murray Mitchell
Keren,James J Walsh
John ablnn Smith,John Murray Mitchell
John ablnn Smith,James J Walsh
John Murray Mitchell,James J Walsh
Julius Schroeder,Wagner
Julius Schroeder,KxSenator Cullen
Wagner,KxSenator Cullen
Daniel McCabe,Marcy
Daniel McCabe,John
Daniel McCabe,Byrne
Marcy,John
Marcy,Byrne
John,Byrne
HIORB,Hraveteid
HIORB,Iraveseml John Y McKane
HIORB,Brown
HIORB,McKnne
HIORB,Kite
HIORB,Ihathn
HIORB,Urown
HIORB,Imas
HIORB,Ilrnwii
HIORB,Brown
HIORB,Ilarknea
HIORB,Itroun
HIORB,Drown Instsla
HIORB,Othen
Hraveteid,Iraveseml John Y McKane
Hraveteid,Brown
Hraveteid,McKnne
Hraveteid,Kite
Hraveteid,Ihathn
Hraveteid,Urown
Hraveteid,Imas
Hraveteid,Ilrnwii
Hraveteid,Brown
Hraveteid,Ilarknea
Hraveteid,Itroun
Hraveteid,Drown Instsla
Hraveteid,Othen
Iraveseml John Y McKane,Brown
Iraveseml John Y McKane,McKnne
Iraveseml John Y McKane,Kite
Iraveseml John Y McKane,Ihathn
Iraveseml John Y McKane,Urown
Iraveseml John Y McKane,Imas
Iraveseml John Y McKane,Ilrnwii
Iraveseml John Y McKane,Brown
Iraveseml John Y McKane,Ilarknea
Iraveseml John Y McKane,Itroun
Iraveseml John Y McKane,Drown Instsla
Iraveseml John Y McKane,Othen
Brown,McKnne
Brown,Kite
Brown,Ihathn
Brown,Urown
Brown,Imas
Brown,Ilrnwii
Brown,Brown
Brown,Ilarknea
Brown,Itroun
Brown,Drown Instsla
Brown,Othen
McKnne,Kite
McKnne,Ihathn
McKnne,Urown
McKnne,Imas
McKnne,Ilrnwii
McKnne,Brown
McKnne,Ilarknea
McKnne,Itroun
McKnne,Drown Instsla
McKnne,Othen
Kite,Ihathn
Kite,Urown
Kite,Imas
Kite,Ilrnwii
Kite,Brown
Kite,Ilarknea
Kite,Itroun
Kite,Drown Instsla
Kite,Othen
Ihathn,Urown
Ihathn,Imas
Ihathn,Ilrnwii
Ihathn,Brown
Ihathn,Ilarknea
Ihathn,Itroun
Ihathn,Drown Instsla
Ihathn,Othen
Urown,Imas
Urown,Ilrnwii
Urown,Brown
Urown,Ilarknea
Urown,Itroun
Urown,Drown Instsla
Urown,Othen
Imas,Ilrnwii
Imas,Brown
Imas,Ilarknea
Imas,Itroun
Imas,Drown Instsla
Imas,Othen
Ilrnwii,Brown
Ilrnwii,Ilarknea
Ilrnwii,Itroun
Ilrnwii,Drown Instsla
Ilrnwii,Othen
Brown,Ilarknea
Brown,Itroun
Brown,Drown Instsla
Brown,Othen
Ilarknea,Itroun
Ilarknea,Drown Instsla
Ilarknea,Othen
Itroun,Drown Instsla
Itroun,Othen
Drown Instsla,Othen
John W eppcnbagen,William SNELL
John W eppcnbagen,Grace
William SNELL,Grace
John McUonntd,Simon
John McUonntd,Wai
John McUonntd,HOWLEY McDonald
John McUonntd,Franklin
John McUonntd,Mc
John McUonntd,Mrs McDonald
John McUonntd,Kassop
John McUonntd,Mrs McDonald
John McUonntd,McDonald Elson
John McUonntd,Mrs McDonald
Simon,Wai
Simon,HOWLEY McDonald
Simon,Franklin
Simon,Mc
Simon,Mrs McDonald
Simon,Kassop
Simon,Mrs McDonald
Simon,McDonald Elson
Simon,Mrs McDonald
Wai,HOWLEY McDonald
Wai,Franklin
Wai,Mc
Wai,Mrs McDonald
Wai,Kassop
Wai,Mrs McDonald
Wai,McDonald Elson
Wai,Mrs McDonald
HOWLEY McDonald,Franklin
HOWLEY McDonald,Mc
HOWLEY McDonald,Mrs McDonald
HOWLEY McDonald,Kassop
HOWLEY McDonald,Mrs McDonald
HOWLEY McDonald,McDonald Elson
HOWLEY McDonald,Mrs McDonald
Franklin,Mc
Franklin,Mrs McDonald
Franklin,Kassop
Franklin,Mrs McDonald
Franklin,McDonald Elson
Franklin,Mrs McDonald
Mc,Mrs McDonald
Mc,Kassop
Mc,Mrs McDonald
Mc,McDonald Elson
Mc,Mrs McDonald
Mrs McDonald,Kassop
Mrs McDonald,Mrs McDonald
Mrs McDonald,McDonald Elson
Mrs McDonald,Mrs McDonald
Kassop,Mrs McDonald
Kassop,McDonald Elson
Kassop,Mrs McDonald
Mrs McDonald,McDonald Elson
Mrs McDonald,Mrs McDonald
McDonald Elson,Mrs McDonald
James J evans,Devens
James J evans,Devens
James J evans,Kevin
James J evans,Henry Clay He
James J evans,Robert
James J evans,David IlonnerCommodore Vanderbilt William H
James J evans,Heusen Compton
James J evans,Compton
James J evans,Bovine
James J evans,Mrs Thomas F Itelllrof
James J evans,Joseph L Shipley
James J evans,JouriKil
James J evans,Shipley
James J evans,RANIN
James J evans,L Moore
James J evans,Mn Hasson
James J evans,Williams
James J evans,Clifford It
James J evans,Clifford
James J evans,Joseph Warren
James J evans,Joseph Warren
James J evans,Lynn Mans
James J evans,Lynn
James J evans,Isaac Tuttle
James J evans,Tuttle
James J evans,Samuel Meredith
James J evans,Isaac
James J evans,James L
James J evans,Putnam
James J evans,Johnson
James J evans,Rodney
James J evans,Elaha Newland
James J evans,Oswald Walters Brierly
James J evans,Victoria
Devens,Devens
Devens,Kevin
Devens,Henry Clay He
Devens,Robert
Devens,David IlonnerCommodore Vanderbilt William H
Devens,Heusen Compton
Devens,Compton
Devens,Bovine
Devens,Mrs Thomas F Itelllrof
Devens,Joseph L Shipley
Devens,JouriKil
Devens,Shipley
Devens,RANIN
Devens,L Moore
Devens,Mn Hasson
Devens,Williams
Devens,Clifford It
Devens,Clifford
Devens,Joseph Warren
Devens,Joseph Warren
Devens,Lynn Mans
Devens,Lynn
Devens,Isaac Tuttle
Devens,Tuttle
Devens,Samuel Meredith
Devens,Isaac
Devens,James L
Devens,Putnam
Devens,Johnson
Devens,Rodney
Devens,Elaha Newland
Devens,Oswald Walters Brierly
Devens,Victoria
Devens,Kevin
Devens,Henry Clay He
Devens,Robert
Devens,David IlonnerCommodore Vanderbilt William H
Devens,Heusen Compton
Devens,Compton
Devens,Bovine
Devens,Mrs Thomas F Itelllrof
Devens,Joseph L Shipley
Devens,JouriKil
Devens,Shipley
Devens,RANIN
Devens,L Moore
Devens,Mn Hasson
Devens,Williams
Devens,Clifford It
Devens,Clifford
Devens,Joseph Warren
Devens,Joseph Warren
Devens,Lynn Mans
Devens,Lynn
Devens,Isaac Tuttle
Devens,Tuttle
Devens,Samuel Meredith
Devens,Isaac
Devens,James L
Devens,Putnam
Devens,Johnson
Devens,Rodney
Devens,Elaha Newland
Devens,Oswald Walters Brierly
Devens,Victoria
Kevin,Henry Clay He
Kevin,Robert
Kevin,David IlonnerCommodore Vanderbilt William H
Kevin,Heusen Compton
Kevin,Compton
Kevin,Bovine
Kevin,Mrs Thomas F Itelllrof
Kevin,Joseph L Shipley
Kevin,JouriKil
Kevin,Shipley
Kevin,RANIN
Kevin,L Moore
Kevin,Mn Hasson
Kevin,Williams
Kevin,Clifford It
Kevin,Clifford
Kevin,Joseph Warren
Kevin,Joseph Warren
Kevin,Lynn Mans
Kevin,Lynn
Kevin,Isaac Tuttle
Kevin,Tuttle
Kevin,Samuel Meredith
Kevin,Isaac
Kevin,James L
Kevin,Putnam
Kevin,Johnson
Kevin,Rodney
Kevin,Elaha Newland
Kevin,Oswald Walters Brierly
Kevin,Victoria
Henry Clay He,Robert
Henry Clay He,David IlonnerCommodore Vanderbilt William H
Henry Clay He,Heusen Compton
Henry Clay He,Compton
Henry Clay He,Bovine
Henry Clay He,Mrs Thomas F Itelllrof
Henry Clay He,Joseph L Shipley
Henry Clay He,JouriKil
Henry Clay He,Shipley
Henry Clay He,RANIN
Henry Clay He,L Moore
Henry Clay He,Mn Hasson
Henry Clay He,Williams
Henry Clay He,Clifford It
Henry Clay He,Clifford
Henry Clay He,Joseph Warren
Henry Clay He,Joseph Warren
Henry Clay He,Lynn Mans
Henry Clay He,Lynn
Henry Clay He,Isaac Tuttle
Henry Clay He,Tuttle
Henry Clay He,Samuel Meredith
Henry Clay He,Isaac
Henry Clay He,James L
Henry Clay He,Putnam
Henry Clay He,Johnson
Henry Clay He,Rodney
Henry Clay He,Elaha Newland
Henry Clay He,Oswald Walters Brierly
Henry Clay He,Victoria
Robert,David IlonnerCommodore Vanderbilt William H
Robert,Heusen Compton
Robert,Compton
Robert,Bovine
Robert,Mrs Thomas F Itelllrof
Robert,Joseph L Shipley
Robert,JouriKil
Robert,Shipley
Robert,RANIN
Robert,L Moore
Robert,Mn Hasson
Robert,Williams
Robert,Clifford It
Robert,Clifford
Robert,Joseph Warren
Robert,Joseph Warren
Robert,Lynn Mans
Robert,Lynn
Robert,Isaac Tuttle
Robert,Tuttle
Robert,Samuel Meredith
Robert,Isaac
Robert,James L
Robert,Putnam
Robert,Johnson
Robert,Rodney
Robert,Elaha Newland
Robert,Oswald Walters Brierly
Robert,Victoria
David IlonnerCommodore Vanderbilt William H,Heusen Compton
David IlonnerCommodore Vanderbilt William H,Compton
David IlonnerCommodore Vanderbilt William H,Bovine
David IlonnerCommodore Vanderbilt William H,Mrs Thomas F Itelllrof
David IlonnerCommodore Vanderbilt William H,Joseph L Shipley
David IlonnerCommodore Vanderbilt William H,JouriKil
David IlonnerCommodore Vanderbilt William H,Shipley
David IlonnerCommodore Vanderbilt William H,RANIN
David IlonnerCommodore Vanderbilt William H,L Moore
David IlonnerCommodore Vanderbilt William H,Mn Hasson
David IlonnerCommodore Vanderbilt William H,Williams
David IlonnerCommodore Vanderbilt William H,Clifford It
David IlonnerCommodore Vanderbilt William H,Clifford
David IlonnerCommodore Vanderbilt William H,Joseph Warren
David IlonnerCommodore Vanderbilt William H,Joseph Warren
David IlonnerCommodore Vanderbilt William H,Lynn Mans
David IlonnerCommodore Vanderbilt William H,Lynn
David IlonnerCommodore Vanderbilt William H,Isaac Tuttle
David IlonnerCommodore Vanderbilt William H,Tuttle
David IlonnerCommodore Vanderbilt William H,Samuel Meredith
David IlonnerCommodore Vanderbilt William H,Isaac
David IlonnerCommodore Vanderbilt William H,James L
David IlonnerCommodore Vanderbilt William H,Putnam
David IlonnerCommodore Vanderbilt William H,Johnson
David IlonnerCommodore Vanderbilt William H,Rodney
David IlonnerCommodore Vanderbilt William H,Elaha Newland
David IlonnerCommodore Vanderbilt William H,Oswald Walters Brierly
David IlonnerCommodore Vanderbilt William H,Victoria
Heusen Compton,Compton
Heusen Compton,Bovine
Heusen Compton,Mrs Thomas F Itelllrof
Heusen Compton,Joseph L Shipley
Heusen Compton,JouriKil
Heusen Compton,Shipley
Heusen Compton,RANIN
Heusen Compton,L Moore
Heusen Compton,Mn Hasson
Heusen Compton,Williams
Heusen Compton,Clifford It
Heusen Compton,Clifford
Heusen Compton,Joseph Warren
Heusen Compton,Joseph Warren
Heusen Compton,Lynn Mans
Heusen Compton,Lynn
Heusen Compton,Isaac Tuttle
Heusen Compton,Tuttle
Heusen Compton,Samuel Meredith
Heusen Compton,Isaac
Heusen Compton,James L
Heusen Compton,Putnam
Heusen Compton,Johnson
Heusen Compton,Rodney
Heusen Compton,Elaha Newland
Heusen Compton,Oswald Walters Brierly
Heusen Compton,Victoria
Compton,Bovine
Compton,Mrs Thomas F Itelllrof
Compton,Joseph L Shipley
Compton,JouriKil
Compton,Shipley
Compton,RANIN
Compton,L Moore
Compton,Mn Hasson
Compton,Williams
Compton,Clifford It
Compton,Clifford
Compton,Joseph Warren
Compton,Joseph Warren
Compton,Lynn Mans
Compton,Lynn
Compton,Isaac Tuttle
Compton,Tuttle
Compton,Samuel Meredith
Compton,Isaac
Compton,James L
Compton,Putnam
Compton,Johnson
Compton,Rodney
Compton,Elaha Newland
Compton,Oswald Walters Brierly
Compton,Victoria
Bovine,Mrs Thomas F Itelllrof
Bovine,Joseph L Shipley
Bovine,JouriKil
Bovine,Shipley
Bovine,RANIN
Bovine,L Moore
Bovine,Mn Hasson
Bovine,Williams
Bovine,Clifford It
Bovine,Clifford
Bovine,Joseph Warren
Bovine,Joseph Warren
Bovine,Lynn Mans
Bovine,Lynn
Bovine,Isaac Tuttle
Bovine,Tuttle
Bovine,Samuel Meredith
Bovine,Isaac
Bovine,James L
Bovine,Putnam
Bovine,Johnson
Bovine,Rodney
Bovine,Elaha Newland
Bovine,Oswald Walters Brierly
Bovine,Victoria
Mrs Thomas F Itelllrof,Joseph L Shipley
Mrs Thomas F Itelllrof,JouriKil
Mrs Thomas F Itelllrof,Shipley
Mrs Thomas F Itelllrof,RANIN
Mrs Thomas F Itelllrof,L Moore
Mrs Thomas F Itelllrof,Mn Hasson
Mrs Thomas F Itelllrof,Williams
Mrs Thomas F Itelllrof,Clifford It
Mrs Thomas F Itelllrof,Clifford
Mrs Thomas F Itelllrof,Joseph Warren
Mrs Thomas F Itelllrof,Joseph Warren
Mrs Thomas F Itelllrof,Lynn Mans
Mrs Thomas F Itelllrof,Lynn
Mrs Thomas F Itelllrof,Isaac Tuttle
Mrs Thomas F Itelllrof,Tuttle
Mrs Thomas F Itelllrof,Samuel Meredith
Mrs Thomas F Itelllrof,Isaac
Mrs Thomas F Itelllrof,James L
Mrs Thomas F Itelllrof,Putnam
Mrs Thomas F Itelllrof,Johnson
Mrs Thomas F Itelllrof,Rodney
Mrs Thomas F Itelllrof,Elaha Newland
Mrs Thomas F Itelllrof,Oswald Walters Brierly
Mrs Thomas F Itelllrof,Victoria
Joseph L Shipley,JouriKil
Joseph L Shipley,Shipley
Joseph L Shipley,RANIN
Joseph L Shipley,L Moore
Joseph L Shipley,Mn Hasson
Joseph L Shipley,Williams
Joseph L Shipley,Clifford It
Joseph L Shipley,Clifford
Joseph L Shipley,Joseph Warren
Joseph L Shipley,Joseph Warren
Joseph L Shipley,Lynn Mans
Joseph L Shipley,Lynn
Joseph L Shipley,Isaac Tuttle
Joseph L Shipley,Tuttle
Joseph L Shipley,Samuel Meredith
Joseph L Shipley,Isaac
Joseph L Shipley,James L
Joseph L Shipley,Putnam
Joseph L Shipley,Johnson
Joseph L Shipley,Rodney
Joseph L Shipley,Elaha Newland
Joseph L Shipley,Oswald Walters Brierly
Joseph L Shipley,Victoria
JouriKil,Shipley
JouriKil,RANIN
JouriKil,L Moore
JouriKil,Mn Hasson
JouriKil,Williams
JouriKil,Clifford It
JouriKil,Clifford
JouriKil,Joseph Warren
JouriKil,Joseph Warren
JouriKil,Lynn Mans
JouriKil,Lynn
JouriKil,Isaac Tuttle
JouriKil,Tuttle
JouriKil,Samuel Meredith
JouriKil,Isaac
JouriKil,James L
JouriKil,Putnam
JouriKil,Johnson
JouriKil,Rodney
JouriKil,Elaha Newland
JouriKil,Oswald Walters Brierly
JouriKil,Victoria
Shipley,RANIN
Shipley,L Moore
Shipley,Mn Hasson
Shipley,Williams
Shipley,Clifford It
Shipley,Clifford
Shipley,Joseph Warren
Shipley,Joseph Warren
Shipley,Lynn Mans
Shipley,Lynn
Shipley,Isaac Tuttle
Shipley,Tuttle
Shipley,Samuel Meredith
Shipley,Isaac
Shipley,James L
Shipley,Putnam
Shipley,Johnson
Shipley,Rodney
Shipley,Elaha Newland
Shipley,Oswald Walters Brierly
Shipley,Victoria
RANIN,L Moore
RANIN,Mn Hasson
RANIN,Williams
RANIN,Clifford It
RANIN,Clifford
RANIN,Joseph Warren
RANIN,Joseph Warren
RANIN,Lynn Mans
RANIN,Lynn
RANIN,Isaac Tuttle
RANIN,Tuttle
RANIN,Samuel Meredith
RANIN,Isaac
RANIN,James L
RANIN,Putnam
RANIN,Johnson
RANIN,Rodney
RANIN,Elaha Newland
RANIN,Oswald Walters Brierly
RANIN,Victoria
L Moore,Mn Hasson
L Moore,Williams
L Moore,Clifford It
L Moore,Clifford
L Moore,Joseph Warren
L Moore,Joseph Warren
L Moore,Lynn Mans
L Moore,Lynn
L Moore,Isaac Tuttle
L Moore,Tuttle
L Moore,Samuel Meredith
L Moore,Isaac
L Moore,James L
L Moore,Putnam
L Moore,Johnson
L Moore,Rodney
L Moore,Elaha Newland
L Moore,Oswald Walters Brierly
L Moore,Victoria
Mn Hasson,Williams
Mn Hasson,Clifford It
Mn Hasson,Clifford
Mn Hasson,Joseph Warren
Mn Hasson,Joseph Warren
Mn Hasson,Lynn Mans
Mn Hasson,Lynn
Mn Hasson,Isaac Tuttle
Mn Hasson,Tuttle
Mn Hasson,Samuel Meredith
Mn Hasson,Isaac
Mn Hasson,James L
Mn Hasson,Putnam
Mn Hasson,Johnson
Mn Hasson,Rodney
Mn Hasson,Elaha Newland
Mn Hasson,Oswald Walters Brierly
Mn Hasson,Victoria
Williams,Clifford It
Williams,Clifford
Williams,Joseph Warren
Williams,Joseph Warren
Williams,Lynn Mans
Williams,Lynn
Williams,Isaac Tuttle
Williams,Tuttle
Williams,Samuel Meredith
Williams,Isaac
Williams,James L
Williams,Putnam
Williams,Johnson
Williams,Rodney
Williams,Elaha Newland
Williams,Oswald Walters Brierly
Williams,Victoria
Clifford It,Clifford
Clifford It,Joseph Warren
Clifford It,Joseph Warren
Clifford It,Lynn Mans
Clifford It,Lynn
Clifford It,Isaac Tuttle
Clifford It,Tuttle
Clifford It,Samuel Meredith
Clifford It,Isaac
Clifford It,James L
Clifford It,Putnam
Clifford It,Johnson
Clifford It,Rodney
Clifford It,Elaha Newland
Clifford It,Oswald Walters Brierly
Clifford It,Victoria
Clifford,Joseph Warren
Clifford,Joseph Warren
Clifford,Lynn Mans
Clifford,Lynn
Clifford,Isaac Tuttle
Clifford,Tuttle
Clifford,Samuel Meredith
Clifford,Isaac
Clifford,James L
Clifford,Putnam
Clifford,Johnson
Clifford,Rodney
Clifford,Elaha Newland
Clifford,Oswald Walters Brierly
Clifford,Victoria
Joseph Warren,Joseph Warren
Joseph Warren,Lynn Mans
Joseph Warren,Lynn
Joseph Warren,Isaac Tuttle
Joseph Warren,Tuttle
Joseph Warren,Samuel Meredith
Joseph Warren,Isaac
Joseph Warren,James L
Joseph Warren,Putnam
Joseph Warren,Johnson
Joseph Warren,Rodney
Joseph Warren,Elaha Newland
Joseph Warren,Oswald Walters Brierly
Joseph Warren,Victoria
Joseph Warren,Lynn Mans
Joseph Warren,Lynn
Joseph Warren,Isaac Tuttle
Joseph Warren,Tuttle
Joseph Warren,Samuel Meredith
Joseph Warren,Isaac
Joseph Warren,James L
Joseph Warren,Putnam
Joseph Warren,Johnson
Joseph Warren,Rodney
Joseph Warren,Elaha Newland
Joseph Warren,Oswald Walters Brierly
Joseph Warren,Victoria
Lynn Mans,Lynn
Lynn Mans,Isaac Tuttle
Lynn Mans,Tuttle
Lynn Mans,Samuel Meredith
Lynn Mans,Isaac
Lynn Mans,James L
Lynn Mans,Putnam
Lynn Mans,Johnson
Lynn Mans,Rodney
Lynn Mans,Elaha Newland
Lynn Mans,Oswald Walters Brierly
Lynn Mans,Victoria
Lynn,Isaac Tuttle
Lynn,Tuttle
Lynn,Samuel Meredith
Lynn,Isaac
Lynn,James L
Lynn,Putnam
Lynn,Johnson
Lynn,Rodney
Lynn,Elaha Newland
Lynn,Oswald Walters Brierly
Lynn,Victoria
Isaac Tuttle,Tuttle
Isaac Tuttle,Samuel Meredith
Isaac Tuttle,Isaac
Isaac Tuttle,James L
Isaac Tuttle,Putnam
Isaac Tuttle,Johnson
Isaac Tuttle,Rodney
Isaac Tuttle,Elaha Newland
Isaac Tuttle,Oswald Walters Brierly
Isaac Tuttle,Victoria
Tuttle,Samuel Meredith
Tuttle,Isaac
Tuttle,James L
Tuttle,Putnam
Tuttle,Johnson
Tuttle,Rodney
Tuttle,Elaha Newland
Tuttle,Oswald Walters Brierly
Tuttle,Victoria
Samuel Meredith,Isaac
Samuel Meredith,James L
Samuel Meredith,Putnam
Samuel Meredith,Johnson
Samuel Meredith,Rodney
Samuel Meredith,Elaha Newland
Samuel Meredith,Oswald Walters Brierly
Samuel Meredith,Victoria
Isaac,James L
Isaac,Putnam
Isaac,Johnson
Isaac,Rodney
Isaac,Elaha Newland
Isaac,Oswald Walters Brierly
Isaac,Victoria
James L,Putnam
James L,Johnson
James L,Rodney
James L,Elaha Newland
James L,Oswald Walters Brierly
James L,Victoria
Putnam,Johnson
Putnam,Rodney
Putnam,Elaha Newland
Putnam,Oswald Walters Brierly
Putnam,Victoria
Johnson,Rodney
Johnson,Elaha Newland
Johnson,Oswald Walters Brierly
Johnson,Victoria
Rodney,Elaha Newland
Rodney,Oswald Walters Brierly
Rodney,Victoria
Elaha Newland,Oswald Walters Brierly
Elaha Newland,Victoria
Oswald Walters Brierly,Victoria
Lopa,Andy
Lopa,Andy
Lopa,Lavljctie
Lopa,KlUpatrlrjt Jim Hall
Lopa,Thomas Artur VlnrMit IhVllle Albert
Lopa,Charles PpltxfAddrn John
Lopa,Wllllum A Scholl Charles C Julian William
Lopa,Kieler
Lopa,Tommy
Andy,Andy
Andy,Lavljctie
Andy,KlUpatrlrjt Jim Hall
Andy,Thomas Artur VlnrMit IhVllle Albert
Andy,Charles PpltxfAddrn John
Andy,Wllllum A Scholl Charles C Julian William
Andy,Kieler
Andy,Tommy
Andy,Lavljctie
Andy,KlUpatrlrjt Jim Hall
Andy,Thomas Artur VlnrMit IhVllle Albert
Andy,Charles PpltxfAddrn John
Andy,Wllllum A Scholl Charles C Julian William
Andy,Kieler
Andy,Tommy
Lavljctie,KlUpatrlrjt Jim Hall
Lavljctie,Thomas Artur VlnrMit IhVllle Albert
Lavljctie,Charles PpltxfAddrn John
Lavljctie,Wllllum A Scholl Charles C Julian William
Lavljctie,Kieler
Lavljctie,Tommy
KlUpatrlrjt Jim Hall,Thomas Artur VlnrMit IhVllle Albert
KlUpatrlrjt Jim Hall,Charles PpltxfAddrn John
KlUpatrlrjt Jim Hall,Wllllum A Scholl Charles C Julian William
KlUpatrlrjt Jim Hall,Kieler
KlUpatrlrjt Jim Hall,Tommy
Thomas Artur VlnrMit IhVllle Albert,Charles PpltxfAddrn John
Thomas Artur VlnrMit IhVllle Albert,Wllllum A Scholl Charles C Julian William
Thomas Artur VlnrMit IhVllle Albert,Kieler
Thomas Artur VlnrMit IhVllle Albert,Tommy
Charles PpltxfAddrn John,Wllllum A Scholl Charles C Julian William
Charles PpltxfAddrn John,Kieler
Charles PpltxfAddrn John,Tommy
Wllllum A Scholl Charles C Julian William,Kieler
Wllllum A Scholl Charles C Julian William,Tommy
Kieler,Tommy
Bayard,Armitage
Bayard,Landau
Bayard,Augusta Iturdeau M Felix jules EMELINE
Bayard,Lobnoe
Bayard,Hulgarlau Snbrsnje
Armitage,Landau
Armitage,Augusta Iturdeau M Felix jules EMELINE
Armitage,Lobnoe
Armitage,Hulgarlau Snbrsnje
Landau,Augusta Iturdeau M Felix jules EMELINE
Landau,Lobnoe
Landau,Hulgarlau Snbrsnje
Augusta Iturdeau M Felix jules EMELINE,Lobnoe
Augusta Iturdeau M Felix jules EMELINE,Hulgarlau Snbrsnje
Lobnoe,Hulgarlau Snbrsnje
Jones,Pitt
Hnmtiel,NEFF
Hnmtiel,Ho
NEFF,Ho
John,John Curley
John,Smith
John,Curley
John,Curley
John,John Manning
John,Iatroltuen Lang
John,Smith
John,Curley
John,John McDonald
John,Curley
John,Curie
John,Curley
John Curley,Smith
John Curley,Curley
John Curley,Curley
John Curley,John Manning
John Curley,Iatroltuen Lang
John Curley,Smith
John Curley,Curley
John Curley,John McDonald
John Curley,Curley
John Curley,Curie
John Curley,Curley
Smith,Curley
Smith,Curley
Smith,John Manning
Smith,Iatroltuen Lang
Smith,Smith
Smith,Curley
Smith,John McDonald
Smith,Curley
Smith,Curie
Smith,Curley
Curley,Curley
Curley,John Manning
Curley,Iatroltuen Lang
Curley,Smith
Curley,Curley
Curley,John McDonald
Curley,Curley
Curley,Curie
Curley,Curley
Curley,John Manning
Curley,Iatroltuen Lang
Curley,Smith
Curley,Curley
Curley,John McDonald
Curley,Curley
Curley,Curie
Curley,Curley
John Manning,Iatroltuen Lang
John Manning,Smith
John Manning,Curley
John Manning,John McDonald
John Manning,Curley
John Manning,Curie
John Manning,Curley
Iatroltuen Lang,Smith
Iatroltuen Lang,Curley
Iatroltuen Lang,John McDonald
Iatroltuen Lang,Curley
Iatroltuen Lang,Curie
Iatroltuen Lang,Curley
Smith,Curley
Smith,John McDonald
Smith,Curley
Smith,Curie
Smith,Curley
Curley,John McDonald
Curley,Curley
Curley,Curie
Curley,Curley
John McDonald,Curley
John McDonald,Curie
John McDonald,Curley
Curley,Curie
Curley,Curley
Curie,Curley
Detroit Meyer,Ilngree
William K SUNDBERG,Wllltamsliurgh
William K SUNDBERG,Mrs 1uueliert
William K SUNDBERG,SUNDBERG
Wllltamsliurgh,Mrs 1uueliert
Wllltamsliurgh,SUNDBERG
Mrs 1uueliert,SUNDBERG
Roberts,Roberts
JASPER Tenn Dec OJEN,John Ken
JASPER Tenn Dec OJEN,John
JASPER Tenn Dec OJEN,Kennedy
JASPER Tenn Dec OJEN,James S lowry
JASPER Tenn Dec OJEN,Kt Louis Railroad
JASPER Tenn Dec OJEN,John Kennedy
JASPER Tenn Dec OJEN,Kaplin
JASPER Tenn Dec OJEN,Hen Kennedy
JASPER Tenn Dec OJEN,Kennedy
JASPER Tenn Dec OJEN,John
JASPER Tenn Dec OJEN,JOSEPHUS
John Ken,John
John Ken,Kennedy
John Ken,James S lowry
John Ken,Kt Louis Railroad
John Ken,John Kennedy
John Ken,Kaplin
John Ken,Hen Kennedy
John Ken,Kennedy
John Ken,John
John Ken,JOSEPHUS
John,Kennedy
John,James S lowry
John,Kt Louis Railroad
John,John Kennedy
John,Kaplin
John,Hen Kennedy
John,Kennedy
John,John
John,JOSEPHUS
Kennedy,James S lowry
Kennedy,Kt Louis Railroad
Kennedy,John Kennedy
Kennedy,Kaplin
Kennedy,Hen Kennedy
Kennedy,Kennedy
Kennedy,John
Kennedy,JOSEPHUS
James S lowry,Kt Louis Railroad
James S lowry,John Kennedy
James S lowry,Kaplin
James S lowry,Hen Kennedy
James S lowry,Kennedy
James S lowry,John
James S lowry,JOSEPHUS
Kt Louis Railroad,John Kennedy
Kt Louis Railroad,Kaplin
Kt Louis Railroad,Hen Kennedy
Kt Louis Railroad,Kennedy
Kt Louis Railroad,John
Kt Louis Railroad,JOSEPHUS
John Kennedy,Kaplin
John Kennedy,Hen Kennedy
John Kennedy,Kennedy
John Kennedy,John
John Kennedy,JOSEPHUS
Kaplin,Hen Kennedy
Kaplin,Kennedy
Kaplin,John
Kaplin,JOSEPHUS
Hen Kennedy,Kennedy
Hen Kennedy,John
Hen Kennedy,JOSEPHUS
Kennedy,John
Kennedy,JOSEPHUS
John,JOSEPHUS
Louie Abt,Mary
Louie Abt,Abt
Louie Abt,Mary
Louie Abt,Abt
Louie Abt,Mary
Louie Abt,Mary
Louie Abt,Abt
Louie Abt,Abt
Louie Abt,Illi
Louie Abt,Dong
Louie Abt,Mary
Louie Abt,Doug
Mary,Abt
Mary,Mary
Mary,Abt
Mary,Mary
Mary,Mary
Mary,Abt
Mary,Abt
Mary,Illi
Mary,Dong
Mary,Mary
Mary,Doug
Abt,Mary
Abt,Abt
Abt,Mary
Abt,Mary
Abt,Abt
Abt,Abt
Abt,Illi
Abt,Dong
Abt,Mary
Abt,Doug
Mary,Abt
Mary,Mary
Mary,Mary
Mary,Abt
Mary,Abt
Mary,Illi
Mary,Dong
Mary,Mary
Mary,Doug
Abt,Mary
Abt,Mary
Abt,Abt
Abt,Abt
Abt,Illi
Abt,Dong
Abt,Mary
Abt,Doug
Mary,Mary
Mary,Abt
Mary,Abt
Mary,Illi
Mary,Dong
Mary,Mary
Mary,Doug
Mary,Abt
Mary,Abt
Mary,Illi
Mary,Dong
Mary,Mary
Mary,Doug
Abt,Abt
Abt,Illi
Abt,Dong
Abt,Mary
Abt,Doug
Abt,Illi
Abt,Dong
Abt,Mary
Abt,Doug
Illi,Dong
Illi,Mary
Illi,Doug
Dong,Mary
Dong,Doug
Mary,Doug
Annie McCauley,Noonan
Annie McCauley,moonan
Annie McCauley,moonan
Noonan,moonan
Noonan,moonan
moonan,moonan
Randolph,Amos Marson
Randolph,George Fol
Randolph,William Mclteadr
Amos Marson,George Fol
Amos Marson,William Mclteadr
George Fol,William Mclteadr
William Shepherd,Watchman Jones
William Shepherd,John i Marshall
William Shepherd,Wyckoff
William Shepherd,Louis Dro
William Shepherd,Marshall
William Shepherd,Hare
William Shepherd,Cap
Watchman Jones,John i Marshall
Watchman Jones,Wyckoff
Watchman Jones,Louis Dro
Watchman Jones,Marshall
Watchman Jones,Hare
Watchman Jones,Cap
John i Marshall,Wyckoff
John i Marshall,Louis Dro
John i Marshall,Marshall
John i Marshall,Hare
John i Marshall,Cap
Wyckoff,Louis Dro
Wyckoff,Marshall
Wyckoff,Hare
Wyckoff,Cap
Louis Dro,Marshall
Louis Dro,Hare
Louis Dro,Cap
Marshall,Hare
Marshall,Cap
Hare,Cap
Kerouac,Meyer Rosenberg
Morris,Smiley
John Randall the Kplrituallit,Moss
John Randall the Kplrituallit,Mrs mon
Moss,Mrs mon
Thomas C Wisher,Ollle
Thomas C Wisher,Wisker
Ollle,Wisker
Tut,Nathaniel M Tot
Tut,Tuthlll
Tut,Tuthlll
Tut,Tuthlll
Tut,Tlreyllve
Nathaniel M Tot,Tuthlll
Nathaniel M Tot,Tuthlll
Nathaniel M Tot,Tuthlll
Nathaniel M Tot,Tlreyllve
Tuthlll,Tuthlll
Tuthlll,Tuthlll
Tuthlll,Tlreyllve
Tuthlll,Tuthlll
Tuthlll,Tlreyllve
Tuthlll,Tlreyllve
John n Wise,James B Wise
John n Wise,George D Holbrook
John n Wise,Wise
John n Wise,Wise
John n Wise,Holbrook
John n Wise,Lillian Deuce
James B Wise,George D Holbrook
James B Wise,Wise
James B Wise,Wise
James B Wise,Holbrook
James B Wise,Lillian Deuce
George D Holbrook,Wise
George D Holbrook,Wise
George D Holbrook,Holbrook
George D Holbrook,Lillian Deuce
Wise,Wise
Wise,Holbrook
Wise,Lillian Deuce
Wise,Holbrook
Wise,Lillian Deuce
Holbrook,Lillian Deuce
Carlisle,Carlisle
Carlisle,Carlisles
Carlisle,Carlisles
MelBtyr,McIntyre
MelBtyr,Thurow
MelBtyr,Doherty
MelBtyr,Mrs Thurow
McIntyre,Thurow
McIntyre,Doherty
McIntyre,Mrs Thurow
Thurow,Doherty
Thurow,Mrs Thurow
Doherty,Mrs Thurow
Ho,Johnson
Stevenson,Letltta
William Kdmunds Hay,Sew York
Ottendorfer,Edward Lbl
Henry Korhler,Cornelia
Kdmond Parker Howas,John Augustus Washington
Kdmond Parker Howas,Parker
Kdmond Parker Howas,Ilia
Kdmond Parker Howas,Irani Duko Alexis
Kdmond Parker Howas,Kulnlliv
Kdmond Parker Howas,Hpntn
Kdmond Parker Howas,Parker
Kdmond Parker Howas,Mrs Grant
Kdmond Parker Howas,Hayes
Kdmond Parker Howas,Arthur
Kdmond Parker Howas,Hptaklng
Kdmond Parker Howas,Sherman Mhcrl dan Logan Duller Hanks
Kdmond Parker Howas,Gens Lee Joe Johnston Gor
Kdmond Parker Howas,Parker
Kdmond Parker Howas,Ihcy
Kdmond Parker Howas,Ihn
John Augustus Washington,Parker
John Augustus Washington,Ilia
John Augustus Washington,Irani Duko Alexis
John Augustus Washington,Kulnlliv
John Augustus Washington,Hpntn
John Augustus Washington,Parker
John Augustus Washington,Mrs Grant
John Augustus Washington,Hayes
John Augustus Washington,Arthur
John Augustus Washington,Hptaklng
John Augustus Washington,Sherman Mhcrl dan Logan Duller Hanks
John Augustus Washington,Gens Lee Joe Johnston Gor
John Augustus Washington,Parker
John Augustus Washington,Ihcy
John Augustus Washington,Ihn
Parker,Ilia
Parker,Irani Duko Alexis
Parker,Kulnlliv
Parker,Hpntn
Parker,Parker
Parker,Mrs Grant
Parker,Hayes
Parker,Arthur
Parker,Hptaklng
Parker,Sherman Mhcrl dan Logan Duller Hanks
Parker,Gens Lee Joe Johnston Gor
Parker,Parker
Parker,Ihcy
Parker,Ihn
Ilia,Irani Duko Alexis
Ilia,Kulnlliv
Ilia,Hpntn
Ilia,Parker
Ilia,Mrs Grant
Ilia,Hayes
Ilia,Arthur
Ilia,Hptaklng
Ilia,Sherman Mhcrl dan Logan Duller Hanks
Ilia,Gens Lee Joe Johnston Gor
Ilia,Parker
Ilia,Ihcy
Ilia,Ihn
Irani Duko Alexis,Kulnlliv
Irani Duko Alexis,Hpntn
Irani Duko Alexis,Parker
Irani Duko Alexis,Mrs Grant
Irani Duko Alexis,Hayes
Irani Duko Alexis,Arthur
Irani Duko Alexis,Hptaklng
Irani Duko Alexis,Sherman Mhcrl dan Logan Duller Hanks
Irani Duko Alexis,Gens Lee Joe Johnston Gor
Irani Duko Alexis,Parker
Irani Duko Alexis,Ihcy
Irani Duko Alexis,Ihn
Kulnlliv,Hpntn
Kulnlliv,Parker
Kulnlliv,Mrs Grant
Kulnlliv,Hayes
Kulnlliv,Arthur
Kulnlliv,Hptaklng
Kulnlliv,Sherman Mhcrl dan Logan Duller Hanks
Kulnlliv,Gens Lee Joe Johnston Gor
Kulnlliv,Parker
Kulnlliv,Ihcy
Kulnlliv,Ihn
Hpntn,Parker
Hpntn,Mrs Grant
Hpntn,Hayes
Hpntn,Arthur
Hpntn,Hptaklng
Hpntn,Sherman Mhcrl dan Logan Duller Hanks
Hpntn,Gens Lee Joe Johnston Gor
Hpntn,Parker
Hpntn,Ihcy
Hpntn,Ihn
Parker,Mrs Grant
Parker,Hayes
Parker,Arthur
Parker,Hptaklng
Parker,Sherman Mhcrl dan Logan Duller Hanks
Parker,Gens Lee Joe Johnston Gor
Parker,Parker
Parker,Ihcy
Parker,Ihn
Mrs Grant,Hayes
Mrs Grant,Arthur
Mrs Grant,Hptaklng
Mrs Grant,Sherman Mhcrl dan Logan Duller Hanks
Mrs Grant,Gens Lee Joe Johnston Gor
Mrs Grant,Parker
Mrs Grant,Ihcy
Mrs Grant,Ihn
Hayes,Arthur
Hayes,Hptaklng
Hayes,Sherman Mhcrl dan Logan Duller Hanks
Hayes,Gens Lee Joe Johnston Gor
Hayes,Parker
Hayes,Ihcy
Hayes,Ihn
Arthur,Hptaklng
Arthur,Sherman Mhcrl dan Logan Duller Hanks
Arthur,Gens Lee Joe Johnston Gor
Arthur,Parker
Arthur,Ihcy
Arthur,Ihn
Hptaklng,Sherman Mhcrl dan Logan Duller Hanks
Hptaklng,Gens Lee Joe Johnston Gor
Hptaklng,Parker
Hptaklng,Ihcy
Hptaklng,Ihn
Sherman Mhcrl dan Logan Duller Hanks,Gens Lee Joe Johnston Gor
Sherman Mhcrl dan Logan Duller Hanks,Parker
Sherman Mhcrl dan Logan Duller Hanks,Ihcy
Sherman Mhcrl dan Logan Duller Hanks,Ihn
Gens Lee Joe Johnston Gor,Parker
Gens Lee Joe Johnston Gor,Ihcy
Gens Lee Joe Johnston Gor,Ihn
Parker,Ihcy
Parker,Ihn
Ihcy,Ihn
Ileen Found,Capt James Ityan
Ileen Found,Aaron
Ileen Found,Capt James Ityan
Ileen Found,Capo
Ileen Found,John DlehL
Ileen Found,William Dlehl
Ileen Found,Lottie Ulchl
Ileen Found,Aaronss
Capt James Ityan,Aaron
Capt James Ityan,Capt James Ityan
Capt James Ityan,Capo
Capt James Ityan,John DlehL
Capt James Ityan,William Dlehl
Capt James Ityan,Lottie Ulchl
Capt James Ityan,Aaronss
Aaron,Capt James Ityan
Aaron,Capo
Aaron,John DlehL
Aaron,William Dlehl
Aaron,Lottie Ulchl
Aaron,Aaronss
Capt James Ityan,Capo
Capt James Ityan,John DlehL
Capt James Ityan,William Dlehl
Capt James Ityan,Lottie Ulchl
Capt James Ityan,Aaronss
Capo,John DlehL
Capo,William Dlehl
Capo,Lottie Ulchl
Capo,Aaronss
John DlehL,William Dlehl
John DlehL,Lottie Ulchl
John DlehL,Aaronss
William Dlehl,Lottie Ulchl
William Dlehl,Aaronss
Lottie Ulchl,Aaronss
Cem,Ling Iluo
Cem,Iho
Ling Iluo,Iho
Ko,Mie
